position,name,party,votes,flag,municipality,year
,ALVES . DA . ANUNCIAÇÃO ...,MDB.,2.045......,0,agudo,1972
VP -,GERALDO LOSEKANN,MDB.,2.045......,0,agudo,1972
Þ,HILDOR MAX LOSEKANN,ARENA,1.745,0,agudo,1972
VP -,RUI FERREIRA FEHN,ARENA,1.745,0,agudo,1972
-,,ARENA,.1.051,0,agudo,1972
P — -,.ENÁR ARENT ERNTS .,ARENA,.1.051,0,agudo,1972
VP -,RUI FERREIRA FEHN,MDB.......,873,0,agudo,1972
,PAULO WILHELM,MDB.......,873,0,agudo,1972
P -,NOTÉLIO MARIOTTI,ARENA,2.922,0,ajuricaba,1972
VP,HAROLDO WERNER LINAUER,ARENA,2.922,0,ajuricaba,1972
,,,,1,alecrim,1972
Р,Adão Ortiz Houayek,MDB,11911,0,alegrete,1972
-,Airtom Pacheco do Amaral,MDB,11911,0,alegrete,1972
·,Brasilêncio Lopes Machado ·,ARENA-2,7360,0,alegrete,1972
,José Rubens Pillar,ARENA-2,7360,0,alegrete,1972
,Ary Faria Marimon,ARENA-1,3193,0,alegrete,1972
- VP,Claudio Amildon Rosso .,ARENA-1,3193,0,alegrete,1972
P-,Arlindo de Souza,ARENA-2,1.785,0,alpestre,1972
,Inácio Lavinicki,ARENA-2,1.785,0,alpestre,1972
-,Carlos Celeste Meotti,ARENA-1,807,0,alpestre,1972
- VP,Inácio Lavinicki,ARENA-1,807,0,alpestre,1972
P,ELIZARDO . DUARTE NETO ....,MDB2,4075,0,alvorada,1972
VP,UBIRAJARA LEXO,MDB2,4075,0,alvorada,1972
P,NORMELIO PEREIRA,MDB1,...11.76,0,alvorada,1972
[ VP pans,pans CLAUDIO LOPES FEIJÓ,MDB1,...11.76,0,alvorada,1972
-,JOÃO GILBERTO VIEIRA DA,ARENA1,41896,0,alvorada,1972
VP,MAGNO JOSE FAUTH .,ARENA1,41896,0,alvorada,1972
P,TRAJANO PINHEIRO MACHADO,ARENA3...,.1735,0,alvorada,1972
VP,JOSE LUIZ MESSIAS,ARENA3...,.1735,0,alvorada,1972
- P-,- NEORI LUIZ DALLA VECCHIA,ARENA,1.308,0,anta-gorda,1972
VP,TELMO LUIZ AROSSI,ARENA,1.308,0,anta-gorda,1972
P,ARMINHO MIOTTO,MDB,1.130,0,anta-gorda,1972
.,,MDB,1.130,0,anta-gorda,1972
- • P,• VICTORIO DOTTI,.MDB....,..3..291......,0,antonio-prado,1972
VP,Affonso.Ciotta .,.MDB....,..3..291......,0,antonio-prado,1972
P-,,MDB.2.....,2.119....,0,aratiba,1972
VP,• Genering . Rech .,MDB.2.....,2.119....,0,aratiba,1972
,Şanto.João..Lando … .,_MDB.1,...4.8.9...,0,aratiba,1972
P - •,- . . Avelino . Bertoncello ....,_MDB.1,...4.8.9...,0,aratiba,1972
- - .,,ARENA1.,1.028,0,aratiba,1972
VP •,Mercial Rudy Velandro ... •,ARENA1.,1.028,0,aratiba,1972
,. •,ARENA.3...,.436....,0,aratiba,1972
,Valdir..DIONisio Pavan ..,ARENA.3...,.436....,0,aratiba,1972
VP,Hugo . Jose..Griebler .,ARENA2.,..247....,0,aratiba,1972
P,Cosvine . Hermes ..,ARENA2.,..247....,0,aratiba,1972
Р _,ARNESTO DALPIAN,M.D.B,4.005....,0,arroio-do-meio,1972
VP -,BENNO ARNO SCHMIDT,M.D.B,4.005....,0,arroio-do-meio,1972
P_,ALDO TERCEU THOMÉ,ARENA,3.395,0,arroio-do-meio,1972
VP,MILTON HALMENSCHLAGER,ARENA,3.395,0,arroio-do-meio,1972
,SCHANNE,1,1.332,0,arroio-do-tigre,1972
,JORGE ETGES,1,1.332,0,arroio-do-tigre,1972
-,JOÃO DALCI COSTA,2,1.858,0,arroio-do-tigre,1972
,RODOLFO SPACIL,2,1.858,0,arroio-do-tigre,1972
- VP,ANTONIO PEDRO SCHUSTER,3.,656,0,arroio-do-tigre,1972
P,,3.,656,0,arroio-do-tigre,1972
P,Naro Pereira . da . Silva,ARENA-1,1.306,0,arroio-dos-ratos,1972
VP,José Carlos Silva Silveira,ARENA-1,1.306,0,arroio-dos-ratos,1972
P,Noé Veriato dos Santos,ARENA-2,570,0,arroio-dos-ratos,1972
VP -,Arthur . Christmann ..,ARENA-2,570,0,arroio-dos-ratos,1972
P ސ,Helio . Menezes . Chagastelles,MDB-1,718,0,arroio-dos-ratos,1972
VP -,Dinarte Ferreira da Silva .,MDB-1,718,0,arroio-dos-ratos,1972
Р -,Aucyr . Barreto .,MDB-2...,.5.52.......,0,arroio-dos-ratos,1972
VP,Pedro Divo de Souza e . Silva,MDB-2...,.5.52.......,0,arroio-dos-ratos,1972
,SOARES . TEIXEIRA,M.B.B.,2.243,0,arroio-grande,1972
VP -,DIRCEU BREITAS,M.B.B.,2.243,0,arroio-grande,1972
P -,ANTONIO PAULO F.FERREIRA,ARENA,2.074,0,arroio-grande,1972
VP -,,ARENA,2.074,0,arroio-grande,1972
P -,Aniceto Paganini,ARENA-1,1.022,0,arvorezinha,1972
VP -,Neny Bertol,ARENA-1,1.022,0,arvorezinha,1972
. P,.,ARENA-2,853,0,arvorezinha,1972
VP -,,ARENA-2,853,0,arvorezinha,1972
-,Darny Hilário Gehlen Adelmir Bonumete Fornari,ARENA-3,246✓,0,arvorezinha,1972
,Angelo Romanini,ARENA-3,246✓,0,arvorezinha,1972
P,,MDB-1,1.397✓,0,arvorezinha,1972
- VP-,Nelson Pedro Felipe Tomé,MDB-1,1.397✓,0,arvorezinha,1972
- P,Luiz Claudio Sabedotti,MDB-2,330✓,0,arvorezinha,1972
VP -d,Olimpio Sutilli,MDB-2,330✓,0,arvorezinha,1972
P - 4,Pedro Gito de Farias,MDB-3,199*,0,arvorezinha,1972
,4,MDB-3,199*,0,arvorezinha,1972
P -,ARY HINTZ,ARENA,2388,0,augusto-pestana,1972
VP,EZAURI FRANCISCO DEBONI,ARENA,2388,0,augusto-pestana,1972
,,,,1,bage,1972
P-,JOÃO BALCIUNAS,_ARENA2.,1.376.....,0,barao-de-cotegipe,1972
VP -,JUVENTILIO GALLINA,_ARENA2.,1.376.....,0,barao-de-cotegipe,1972
P-,TADEU TRZCINSKI,ARENA1,356,0,barao-de-cotegipe,1972
VP,JUVENTILIO GALLINA,ARENA1,356,0,barao-de-cotegipe,1972
P.,JOSÉ GATTINO,ARENA-1...,1.574.....,0,barra-do-ribeiro,1972
VP 1,JOSE ADAO SCHIMITT,ARENA-1...,1.574.....,0,barra-do-ribeiro,1972
P.,WALTER . MACIEL .,ARENA-2....,195.,0,barra-do-ribeiro,1972
VP,ARNO JAEGER,ARENA-2....,195.,0,barra-do-ribeiro,1972
P -,JOSÉ CARLOS WURDIG,..M..D..B.-2....,996,0,barra-do-ribeiro,1972
VP . -,ARY VIZEU ALBUQUERQUE,..M..D..B.-2....,996,0,barra-do-ribeiro,1972
-,SIVAL HOFF PEREIRA,M.D.B-1,508,0,barra-do-ribeiro,1972
VP,ARY VIZEU ALBUQUERQUE,M.D.B-1,508,0,barra-do-ribeiro,1972
P-,HENRIQUE TONIAL,ARENA:1,463...,0,barracao,1972
VP -,JOÃO BRAGATO,ARENA:1,463...,0,barracao,1972
- P,PEDRO MACHADO PEREIRA .,ARENA-2...,755,0,barracao,1972
VP-,JOÃO BRAGATO,ARENA-2...,755,0,barracao,1972
VP 1,ARLINDO GRADIN 1 LUIZ SOARES DA ROSA .,M.D.B.-1,.430...,0,barracao,1972
- P -,JOAQUIM LEITE DO PRADO .,M.D.B.-1,.430...,0,barracao,1972
P,,M.D.B.-2.,595,0,barracao,1972
VP -,ARLINDO GRADIN -,M.D.B.-2.,595,0,barracao,1972
,JOÃO DOS SANTOS ALMEIDA,ARENA,2.199,0,barros-cassal,1972
VP 1.,Ivo Faller ...,ARENA,2.199,0,barros-cassal,1972
P,DARCY POZZA,ARENA-1,7.258,0,bento-goncalves,1972
VP,JAIRO CELSO FILIPPON,ARENA-1,7.258,0,bento-goncalves,1972
P,ULYSSES VICENTE TOMASINI,ARENA-2,3.410,0,bento-goncalves,1972
VP,JAIRO CELSO FILIPPON,ARENA-2,3.410,0,bento-goncalves,1972
P,MILTON ROSA,MDB,8.185,0,bento-goncalves,1972
VP,RUBENS LAHUDE,MDB,8.185,0,bento-goncalves,1972
P,João Erno Christ,ARENA,2.202,0,boa-vista-do-burica,1972
VP,Thelmo Waldemar Camara,ARENA,2.202,0,boa-vista-do-burica,1972
P -,,-,,0,boa-vista-do-burica,1972
VP,,-,,0,boa-vista-do-burica,1972
P _,LEANDRO SCHUNDEN VIEIRA,ARENA-1.,3.138,0,bom-jesus,1972
VP -,Luiz Antônio Dutra,ARENA-1.,3.138,0,bom-jesus,1972
P,LUIZ SGARBI FONSECA,ARENA..2..,....4.447...,0,bom-jesus,1972
VP,,ARENA..2..,....4.447...,0,bom-jesus,1972
P -,Egon Harry Lipp,ARENA-1,1.623,0,bom-retiro-do-sul,1972
VP,Carlos Alberto Herrmann,ARENA-1,1.623,0,bom-retiro-do-sul,1972
P,Augusto Fiegenbaum,ARENA2B,432,0,bom-retiro-do-sul,1972
VP -,Yrajá Luiz Barros de Moraes,ARENA2B,432,0,bom-retiro-do-sul,1972
P,Helio Musskopf,.M.D.B.-1,1.171,0,bom-retiro-do-sul,1972
VP -,João Pedro da Costa,.M.D.B.-1,1.171,0,bom-retiro-do-sul,1972
-,Telmo Cezar da Silva,M.D.B.-2,288,0,bom-retiro-do-sul,1972
P -,,M.D.B.-2,288,0,bom-retiro-do-sul,1972
P -,JOÃO CÂNDIDO DUTRA .,ARENA,1.397,0,bossoroca,1972
VP -,RUY ALVES FAGUNDES,ARENA,1.397,0,bossoroca,1972
,Danilo Machado,ARENALEGENDAOU,རྟང།.,0,braga,1972
VP P -,Kimiecki,ARENALEGENDAOU,རྟང།.,0,braga,1972
- P _,Bento Ramiro Simon .,ARENA,172,0,braga,1972
VP _,Matter,ARENA,172,0,braga,1972
P _,Correa de Souza ..,M.D.B.,329,0,braga,1972
VP,Venzo .,M.D.B.,329,0,braga,1972
P,Scherer,M.D.B....,176.,0,braga,1972
VP _,Divino Brezolin,M.D.B....,176.,0,braga,1972
P,Rubem Coelho Carvalho,..ARENA-1,1.539.....,0,butia,1972
VP -,Job Almeida da Silva,..ARENA-1,1.539.....,0,butia,1972
,Zeferino Gonçalves de,ARENA...3,.831..,0,butia,1972
VP P -,Aliprando Conter,ARENA...3,.831..,0,butia,1972
P.,Gastão Hoff,ARENA-2,728,0,butia,1972
VP,Estevan Wisniewski,ARENA-2,728,0,butia,1972
P -,.. Ruy . Carvalho Saraiva ..,MDB-2..,2.232.....,0,butia,1972
VP -,Honorio Machado Cunda,MDB-2..,2.232.....,0,butia,1972
P -,Agenor . Cunha . Gonçalves .,MDB-1.,37.8.,0,butia,1972
VP,Norberto Nugent de Mello,MDB-1.,37.8.,0,butia,1972
P -,Alcides Jose Saldanha,MDB......,5.0.26........,0,cacapava-do-sul,1972
VP -,Arnaldo Luiz Cassol,MDB......,5.0.26........,0,cacapava-do-sul,1972
P 1,JOSÉ GALENO,ARENA,4290,0,cacapava-do-sul,1972
P -,Antero Scherer,_M.D..B.......,2.586,0,cacequi,1972
VP 1,Saul Costa,_M.D..B.......,2.586,0,cacequi,1972
P.,Joaquim Elam..Sales,M...D...R.,312.,0,cacequi,1972
VP,Nadir Quartieri,M...D...R.,312.,0,cacequi,1972
P — .,. . Luiz Abilio Severo,.M..D..B......,98,0,cacequi,1972
VP -,Santa Jussi Oliveira da,.M..D..B......,98,0,cacequi,1972
P,Alcides Moreira Chagas,ARENA,.2.258.....,0,cacequi,1972
VP . -,. . Reni Rodrigues Fernandes,ARENA,.2.258.....,0,cacequi,1972
P.,Romeu . Pedron .,ARENA,486......,0,cacequi,1972
VP,Rodolfo Wancura,ARENA,486......,0,cacequi,1972
P -,PEDRO GERMANO,ARENA....,14.046.....,0,cachoeira-do-sul,1972
VP - •,JULIO CEZAR CASPANI •,ARENA....,14.046.....,0,cachoeira-do-sul,1972
P,ARNOLDO PAULO FURSTENAU,MDB,.9.431...,0,cachoeira-do-sul,1972
VP,DAVID ANTÃO RIBEIRO,MDB,.9.431...,0,cachoeira-do-sul,1972
P,MAGNO SOARES DA ROCHA,MDB,3.446,0,cachoeira-do-sul,1972
VP -,ELY COSTA MARCINIAK,MDB,3.446,0,cachoeira-do-sul,1972
• P - Р,• ALDO ROHDE A,ARENA,2.941,0,cachoeira-do-sul,1972
VP,JOSÉ ANTONIO OAIGEN,ARENA,2.941,0,cachoeira-do-sul,1972
,CAETANO GOULART ..,MDB-1,2.400..,0,cachoeirinha,1972
VP 1,. Aloysio Herbert .,MDB-1,2.400..,0,cachoeirinha,1972
- P _,FRANCISCO JOSE . RODRIGUES,MDB-2,2.382.,0,cachoeirinha,1972
VP,Ivo J.Pacheco,MDB-2,2.382.,0,cachoeirinha,1972
,. LOMBARDO .,ARENA-1,1.722.,0,cachoeirinha,1972
VP -,Nilton de Sousa,ARENA-1,1.722.,0,cachoeirinha,1972
P -,OSVALDO DA SILVA CORRÊA ..,JANA-3,1.558·,0,cachoeirinha,1972
VP -,Lucas Ramos de Souza ..,JANA-3,1.558·,0,cachoeirinha,1972
P,GUILHERME ULMANN,ARENA-2.,.1.318……………,0,cachoeirinha,1972
VP,Adolfo Wesp,ARENA-2.,.1.318……………,0,cachoeirinha,1972
P -,SONI PERUZZOLO … ..,ARENA,928.....,0,cacique-doble,1972
VP - °,Iradil Celestino Sari,ARENA,928.....,0,cacique-doble,1972
,°,ARENA,619,0,cacique-doble,1972
P,ARMANDO BIAVATTI,ARENA,619,0,cacique-doble,1972
Р -,VIRU KLIEMANN,ARENA,1.264,0,caibate,1972
VP,DONE OLIVEIRA PEIXOTO,ARENA,1.264,0,caibate,1972
,JOÃO SIMMI,MDB,534,0,caibate,1972
-,OSVINO WILLERS,MDB,534,0,caibate,1972
-,PLINIO WELTER DE MOURA,MDB,519,0,caibate,1972
- P,OSVINO WILLERS,MDB,519,0,caibate,1972
P - .,Graulino Vernier,ARENAI,921,0,caicara,1972
VP -,Miguel Antonio M. Fabirs,ARENAI,921,0,caicara,1972
P,Selvino Guerreiro do,M.D.B.I....,891,0,caicara,1972
,Bernardino Geovanini .. •,M.D.B.I....,891,0,caicara,1972
P,Gentil Santo Andreolla ·,M.D.B.II,375,0,caicara,1972
VP,Bernardino Geovanini .,M.D.B.II,375,0,caicara,1972
p -,João Antonio Loi,ARENAII,112,0,caicara,1972
- •,,ARENAII,112,0,caicara,1972
P. -,BELCHIOR DA COSTA,ARENA1,7.074......,0,camaqua,1972
VP -,Sostruznik,ARENA1,7.074......,0,camaqua,1972
P -,FRANCISCO DIAS,ARENA2,2.767,0,camaqua,1972
Vp,Longaray,ARENA2,2.767,0,camaqua,1972
P,LEMPEK,MDB1,5.230,0,camaqua,1972
VP -,Borges Moreira,MDB1,5.230,0,camaqua,1972
-,,MDB2,4.374,0,camaqua,1972
-,ADÃO DE ASSIS BARBOSA,MDB2,4.374,0,camaqua,1972
- P,.ALOISE EMERICH …… ..,MDB-UM,935votos,0,cambara-do-sul,1972
- VP,CILON . FAGUNDES DE MACEDO .,MDB-UM,935votos,0,cambara-do-sul,1972
Р,HILDETRUDES . BERTUOL VIANA,MDBDOIS.,822votos.,0,cambara-do-sul,1972
VP -,LUIZ DE ALMEIDA E SILVA,MDBDOIS.,822votos.,0,cambara-do-sul,1972
- P —,RENATO DA ROSA TRINDADE …… ..,ARENA,929votos,0,cambara-do-sul,1972
VP,ANTENOR OSÓRIO DE LIMA,ARENA,929votos,0,cambara-do-sul,1972
,JESUS VIEIRA,ARENA,205votos.,0,cambara-do-sul,1972
VP -,JAIRO . BORGES . PINTO,ARENA,205votos.,0,cambara-do-sul,1972
,. NORONHA DE MELLO,ARENAUM,...130votos.,0,cambara-do-sul,1972
- VP,WILMAR KAULING,ARENAUM,...130votos.,0,cambara-do-sul,1972
P -,ARLINDO JOSE RUSCZYK,ARENA-1,1.306,0,campina-das-missoes,1972
VP -,HUGO ALVARO REICHERT,ARENA-1,1.306,0,campina-das-missoes,1972
P -,ADALIPIO.MAHL .......,ARENA-2,506,0,campina-das-missoes,1972
VP,BASILIO LUKIANETZ,ARENA-2,506,0,campina-das-missoes,1972
P _,,ARENA-3,388,0,campina-das-missoes,1972
VP,ALVARO ZEFERINO SIMON,ARENA-3,388,0,campina-das-missoes,1972
P,Waldir Calegari,sub-legenda,1.025,0,campinas-do-sul,1972
VP,Pedro Palharini,sub-legenda,1.025,0,campinas-do-sul,1972
14,Gomercindo Baldissera,ARENA,,0,campinas-do-sul,1972
P -,,ARENA,,0,campinas-do-sul,1972
VP,Pedro Palharini,,611,0,campinas-do-sul,1972
P -,Santo Clivatti,,611,0,campinas-do-sul,1972
VP,Miguel Pinto de Toledo,ARENA,,0,campinas-do-sul,1972
P,,ARENA,,0,campinas-do-sul,1972
VP,,MDB,1.154,0,campinas-do-sul,1972
P,•,MDB,1.154,0,campinas-do-sul,1972
VP,• Angelo Joaquim Pasa,11,,0,campinas-do-sul,1972
,Idilio Della Latta,11,,0,campinas-do-sul,1972
P-,WERNER RICARDO BOHRER,_ARENA.,5.348......,0,campo-bom,1972
VP,,_ARENA.,5.348......,0,campo-bom,1972
P -,José Américo Martins,Arena,1.271,0,campo-novo,1972
VP,Eugenio Correa Machado,Arena,1.271,0,campo-novo,1972
P -,Olmiro Ramos Bones,Arena,982,0,campo-novo,1972
-,Hugo Teodoro Hirschmann,Arena,982,0,campo-novo,1972
VP,,M.D.B.,.503.....,0,campo-novo,1972
- P,Sabino Archanjo Machado,M.D.B.,.503.....,0,campo-novo,1972
VP -,Joaquim . Diello,M.D.B.,2.64.....,0,campo-novo,1972
P -,João Thimoteo da Silva,M.D.B.,2.64.....,0,campo-novo,1972
,ANTONIO NOLL,ARENA,2.479,0,campo-real,1972
VP,Rodolfo Rodrigues Batista,ARENA,2.479,0,campo-real,1972
P -,LUIZ RUDY BECKER,MDB,1.885,0,campo-real,1972
VP -,Carlito José Roehe,MDB,1.885,0,campo-real,1972
P -,MILTON BRUNO BORCHHARDT ...,ARENA-1,2.566,0,candelaria,1972
,Alcides João Brixner,ARENA-1,2.566,0,candelaria,1972
,°,ARENA2,1.736,0,candelaria,1972
P,PERCEVAL MARTINS,ARENA2,1.736,0,candelaria,1972
VP VP - °,Saul Saraiva Porto,MDB1,3.156...,0,candelaria,1972
•,SEBALDO WOHLENBERG,MDB1,3.156...,0,candelaria,1972
,•,MDB2.,.1.209......,0,candelaria,1972
,Ilimar Mainardi,MDB2.,.1.209......,0,candelaria,1972
P -,José Danilo Braun,ARENA,1377...,0,candido-godoi,1972
1 VP,João Francisco Seibel,ARENA,1377...,0,candido-godoi,1972
P -,Ernani da Silva . Reis ...,M.D.B.,2.757.......,0,canela,1972
VP -,,M.D.B.,2.757.......,0,canela,1972
P -,Geraldo . A.G.Engelbrecht .. Ernesto Comelatte ..,ARENA,2.311...,0,canela,1972
VP,• Miguel . Tomazelli ...,ARENA,2.311...,0,canela,1972
- P,Victor Bacchieri,.ARENA...I…….,3.403.....,0,cangucu,1972
VP -,Rudy..Theodoro..Jimm ....,.ARENA...I…….,3.403.....,0,cangucu,1972
- P _,João de Deus..Nunes,.ARENA..II...,.5.3.32...,0,cangucu,1972
VP,João Alberto Goularte .,.ARENA..II...,.5.3.32...,0,cangucu,1972
P,José Moreira Bento .,.MD.B....,.8.0.73.....,0,cangucu,1972
VP,Gilberto Moreira . Mussi .....,.MD.B....,.8.0.73.....,0,cangucu,1972
,,,,1,canoas,1972
P,Ernesto Guilherme Keller,ARENA,5.447.....,0,carazinho,1972
VP -,Alvaro Moises Sana,ARENA,5.447.....,0,carazinho,1972
-,,ARENA..,2.999...,0,carazinho,1972
P -,Roberta Albino . Sehn,ARENA..,2.999...,0,carazinho,1972
VP,José Domingos . Piva .,M.D.P......,4.578...,0,carazinho,1972
P -,Fernando . Albuquerque . Fetzer,M.D.P......,4.578...,0,carazinho,1972
-,João Alexandre . Gronevalt,MDB,..2.722......,0,carazinho,1972
P,.Sebastião..Olegário Haeffner,MDB,..2.722......,0,carazinho,1972
P -,MARCOS LUIZ ZANATTA,ARENA,3.140,0,carlos-barbosa,1972
VP,CAL IXTO BIS INELLA,ARENA,3.140,0,carlos-barbosa,1972
,,,,1,casca,1972
P,,EVICE-,.,0,catuipe,1972
VP,,EVICE-,.,0,catuipe,1972
Р,MARIO BERNARDINO RAMOS,ARENA,28.925....,0,caxias-do-sul,1972
VP,Mario David Vanin,ARENA,28.925....,0,caxias-do-sul,1972
,-,MDB-1,18.134,0,caxias-do-sul,1972
P,MANSUETO DE CASTRO,MDB-1,18.134,0,caxias-do-sul,1972
VP,Nadyr Rossetti -,MDB-2,6.510,0,caxias-do-sul,1972
Р,MOACYR MENDES DE OLIVEIRA,MDB-2,6.510,0,caxias-do-sul,1972
,-,MDB-3,3.113,0,caxias-do-sul,1972
VP -,Nadyr Rossetti,MDB-3,3.113,0,caxias-do-sul,1972
-,Magno Carlos Cardoso,Sublegenda,2.846,0,cerro-largo,1972
VP,Alceu Aloisio Winter,Sublegenda,2.846,0,cerro-largo,1972
P,""" Irineu Afonso Moscon",M.D.B.,,0,cerro-largo,1972
VP,"Alceu Aloisio "" inter",M.D.B.,,0,cerro-largo,1972
P,Angelo . Celeste Dugatto ..,Legenda1,1.005,0,cerro-largo,1972
VP -,Bruno José Heinzmann,Legenda1,1.005,0,cerro-largo,1972
-,,M.D.B.,,0,cerro-largo,1972
-,,M.D.B.,,0,cerro-largo,1972
"- - """,Roque Reinaldo Nedel,Sublegenda,1.028,0,cerro-largo,1972
P - •,•,Sublegenda,1.028,0,cerro-largo,1972
VP - .,Bruno José Heinzmann .,ARENA,,0,cerro-largo,1972
P -,Seno Marcos Stracke,ARENA,,0,cerro-largo,1972
VP,Bruno José Heinzmann,Legenda1.,.996......,0,cerro-largo,1972
P -,•,Legenda1.,.996......,0,cerro-largo,1972
Р,Ermindo Kunrath,M.D.B.,929,0,chapada,1972
VP,Olimpio Oscar Schuch,M.D.B.,929,0,chapada,1972
. P,Egon Walter Scheurmann,M.D.B.,799,0,chapada,1972
,.,M.D.B.,799,0,chapada,1972
VP,Olimpio Oscar Schuch,Arena.1,1.600,0,chapada,1972
P,José Adelmo Ledur,Arena.1,1.600,0,chapada,1972
P.,JÚLIO KRONBAUER,MDB,781,0,chiapeta,1972
VP,SELVINO LUIZ ANDRIGHETTO,MDB,781,0,chiapeta,1972
P -,LUIZ ANTÔNIO CHIAPETTA,ARENA,670,0,chiapeta,1972
VP,EGIDIO DRESSLER,ARENA,670,0,chiapeta,1972
P,WALDIR ORLANDO TICIANI,MDB-1,798.....,0,ciriaco,1972
VP -,Edenor Luiz Vivan,MDB-1,798.....,0,ciriaco,1972
P,BERNARDO RESMINI,MDB-2,205,0,ciriaco,1972
VP,Elias Abele Passari,MDB-2,205,0,ciriaco,1972
P - •,ALBERY FAGUNDES DE OLIVEIRA •,ARENA-1,936,0,ciriaco,1972
VP -,Milton Vieira,ARENA-1,936,0,ciriaco,1972
P,JOSE CERBARO .,ARENA-3...,67......,0,ciriaco,1972
VP,Severino Ortolan,ARENA-3...,67......,0,ciriaco,1972
P -,HERMINIO ANTONIO DALBOSCO,ARENA,1.698,0,colorado,1972
VP,Quinto Guareschi,ARENA,1.698,0,colorado,1972
,BRUNO LAUX,ARENA1,767,0,condor,1972
•,JANUARIO . DE WERK …… .,ARENA1,767,0,condor,1972
VP - P,,ARENA2,431,0,condor,1972
VP -,,ARENA2,431,0,condor,1972
P – •,,MDB1,402,0,condor,1972
P -,IIMO MILTON ZAKSESKI REINOLDO FELIPE BREUNIG,MDB1,402,0,condor,1972
,REINOLDO FELIPE BREUNIG,MDB2,.337,0,condor,1972
VP -,OTÁVIO ZILIMER,MDB2,.337,0,condor,1972
P - P,ARTHUR WALTER GEORG KRUGMANN,MDB3.,291......,0,condor,1972
VP -,OTAVIO ZILIMER,MDB3.,291......,0,condor,1972
,DIRCEU BERTINATTO,ARENA2,1.076,0,constantina,1972
VP -,DOMINGOS ANTONIO,ARENA2,1.076,0,constantina,1972
P -,NELSO SLHESSARENKO,ARENA3,1.035,0,constantina,1972
VP,JOSE RUGERI,ARENA3,1.035,0,constantina,1972
P,UMBELINO LUNARDI,ARENA1,937,0,constantina,1972
VP,ELIZARIO FACHIN .,ARENA1,937,0,constantina,1972
P,RUY DOMINGOS MARTINI,MDB1,1.276,0,constantina,1972
VP,HILARIO GIACOMINI,MDB1,1.276,0,constantina,1972
,•,MDB3,757......,0,constantina,1972
P,JOSE DELMAR SILVEIRA DE,MDB3,757......,0,constantina,1972
VP -,ERICH BRANDTNER,MDB2,533,0,constantina,1972
- -α,,MDB2,533,0,constantina,1972
P •,ORESTES ZANELLA,Arena1,1.058,0,coronel-bicaco,1972
,•,Arena1,1.058,0,coronel-bicaco,1972
VP,PAULO LUCIANO DE SOUZA,19,,0,coronel-bicaco,1972
P -,PEDRO BIZZARELO,19,,0,coronel-bicaco,1972
VP,OSVALDO D.CORDENUNZI,M.D.B.2,469,0,coronel-bicaco,1972
P - .,ARABEL POLICENO BONES,M.D.B.2,469,0,coronel-bicaco,1972
VP,OSVALDO D.CORDENUNZI .,#11,262,0,coronel-bicaco,1972
P,,#11,262,0,coronel-bicaco,1972
,,,,1,crissiumal,1972
P -,JOSE WESTPHAIEN CORREA,ARENA1,12.816,0,cruz-alta,1972
VP -,FERNANDO MACHADO VIEIRA,ARENA1,12.816,0,cruz-alta,1972
,CARLOS ROMPILIO SCHMIDT,MDB1,9.483,0,cruz-alta,1972
VP,IIDEFONSO VILIA REAL FILHO,MDB1,9.483,0,cruz-alta,1972
P,TSS,L,,0,cruz-alta,1972
VP -,,L,,0,cruz-alta,1972
--,,A,HIAL,0,cruz-alta,1972
1,,A,HIAL,0,cruz-alta,1972
P -,JOSÉ MANOEL RUSCHEL,-LegendaII,1.310,0,cruzeiro-do-sul,1972
VP,LAUDINOR ERVINO HENZ,-LegendaII,1.310,0,cruzeiro-do-sul,1972
P,PAULO ARI MALIMANN,"""""I",349,0,cruzeiro-do-sul,1972
VP -,NICOLAU ARNALDO ZART,"""""I",349,0,cruzeiro-do-sul,1972
P -,ORLANDO OSVALDO ECKERT,"""III",288,0,cruzeiro-do-sul,1972
VP,ARIVALDO ALOYSIO MALLMANN,"""III",288,0,cruzeiro-do-sul,1972
P,HERBERT FREDERICO TRETER,Sub-LegendaI,1.038,0,cruzeiro-do-sul,1972
VP -,ARNALDO RECKZIEGEL,Sub-LegendaI,1.038,0,cruzeiro-do-sul,1972
-,,"""18",467,0,cruzeiro-do-sul,1972
- •,.,"""18",467,0,cruzeiro-do-sul,1972
.,LOURENÇO THEOBALDO,"""11",352......,0,cruzeiro-do-sul,1972
P - .,,"""11",352......,0,cruzeiro-do-sul,1972
- P -,ANTONIO SEGANFREDO,ARENA-1,429....,0,david-canabarro,1972
VP -,Sergio Arthur Valiati,ARENA-1,429....,0,david-canabarro,1972
P -,JOSE ORO ......,ARENA-2.....,416,0,david-canabarro,1972
VP -,Angelo . TIBOLA .,ARENA-2.....,416,0,david-canabarro,1972
,FAGUNDES DE OLIVEIRA,.MDB-2....,.435,0,david-canabarro,1972
° VP -,° Attilio Luiz Marcante,.MDB-2....,.435,0,david-canabarro,1972
P -,VALDIR MIGUEL POSSAN,.MDB-1..,346,0,david-canabarro,1972
VP,Jandyr Fornari,.MDB-1..,346,0,david-canabarro,1972
P-,Justino Antonio Vier,ARENA(2,-3.280-,0,dois-irmaos,1972
,Felipe Seger Sobrinho,ARENA(2,-3.280-,0,dois-irmaos,1972
,- Albano Kuhn .,AARENA(,-1.919-,0,dois-irmaos,1972
. VP,Arno Nienow -,AARENA(,-1.919-,0,dois-irmaos,1972
P _,CATULINO PEREIRA DA ROSA,MDB.....,1.935...,0,dom-feliciano,1972
- •,Leão Lemb,MDB.....,1.935...,0,dom-feliciano,1972
,,,,1,dom-pedrito,1972
P.,OBALDINO BENJAMIN TESSELE,ARENA,675,0,dona-francisca,1972
-,ABILIO JAEGER,ARENA,675,0,dona-francisca,1972
,ETELINO BALDISSERA,MDB,648,0,dona-francisca,1972
""" VP","""",MDB,648,0,dona-francisca,1972
P,EVALDO ZILIO,,4.375,0,encantado,1972
,1,,4.375,0,encantado,1972
VP,AMPERE GIORDANI,ARENA2,2.679,0,encantado,1972
P,JORGE MOREIRA,ARENA2,2.679,0,encantado,1972
-,ZENO . PEREIRA LUZ .,ARENA,4.919....,0,encruzilhada-do-sul,1972
VP,Gomercindo Fontoura °,ARENA,4.919....,0,encruzilhada-do-sul,1972
P,ARISTIDES AGOSTINHO,MDB2,5.740,0,erechim,1972
VP,OLIMPIO TORMEN,MDB2,5.740,0,erechim,1972
- P,OSCAR ABAL,MDB1,1.949,0,erechim,1972
VP,JOSÉ MANDELLI FILHO,MDB1,1.949,0,erechim,1972
P,RAIMUNDO PICCOLO,MDB3,1.448,0,erechim,1972
VP,GUILHERME BARP,MDB3,1.448,0,erechim,1972
P,NELSON LUIZ BERTO,ARENA1,5.535,0,erechim,1972
,.,ARENA1,5.535,0,erechim,1972
VP,☐ TOBIAS PEREIRA SOBRINHO,ARENA2,2.654,0,erechim,1972
P -,JUVENIL SOARES,ARENA2,2.654,0,erechim,1972
P -,RAIMUNDO BIASOTTO,ARENA,1.561....,0,erval-grande,1972
- VP,AMAURY DARCY BISOGNIN,ARENA,1.561....,0,erval-grande,1972
P-,Benoni Lima do Amaral,M.D.B.,.....,0,erval-seco,1972
VP,Vitor Gomes de Castro,M.D.B.,.....,0,erval-seco,1972
,Schmidt ..,M.D.B.I,.1.832.,0,erval-seco,1972
,Armando Weber ....,M.D.B.I,.1.832.,0,erval-seco,1972
,Irineu Nery da Luz,ARENA,1.277,0,esmeralda,1972
VP -,José dos Santos Pacheco,ARENA,1.277,0,esmeralda,1972
P,Diomar Vieira da Costa,MDB,1.184,0,esmeralda,1972
VP,• Ary . Luiz . Arnoldo .....,MDB,1.184,0,esmeralda,1972
P --,-- ARTHUR RIHTER DE,ARENA-1.,.5.217.,0,espumoso,1972
-,JOÃO ODIL MORAES HAAS,ARENA-1.,.5.217.,0,espumoso,1972
,-,ARENA-2,1.707,0,espumoso,1972
- VP,,ARENA-2,1.707,0,espumoso,1972
P,PEDRO DE QUADROS,,1.073,0,estancia-velha,1972
VP,NESTOR LUIZ TREIN,,1.073,0,estancia-velha,1972
P-,DIVO OSCAR BECKER,M.D.B.,814,0,estancia-velha,1972
VP .,PEDRO RIBEIRO DE FREITAS,M.D.B.,814,0,estancia-velha,1972
,. -,ARENA,m1.053,0,estancia-velha,1972
P,ERVINO ARTHUR RITTER,ARENA,m1.053,0,estancia-velha,1972
VP,ARNO BECKMANN -,ARENA,659,0,estancia-velha,1972
P,ARNO MENTZ,ARENA,659,0,estancia-velha,1972
P -,PIO GERMANO .,MDB-11,,0,esteio,1972
D,ENÉAS BUSCARI,MDB-11,,0,esteio,1972
VP - .,JOSÉ ANTONIO THOMAZ,3.88,2..633...,0,esteio,1972
VP,FRANCISCO RICARDO MOTTA,3.88,2..633...,0,esteio,1972
Р,LIZANDRO ARAUJO FILHO,MDB-3......,,0,esteio,1972
N,DARCY ZOLIN .,MDB-3......,,0,esteio,1972
VP,,MDB-20.0,1.288,0,esteio,1972
,LUIZ ALÉCIO FRAINER,MDB-20.0,1.288,0,esteio,1972
VP,ERALDO FEIJÓ RIBAS,MECTITEA,,0,esteio,1972
P -,ADÃO ELY JOHANN,MECTITEA,,0,esteio,1972
- .,,ARENA-1..,..2.729.....,0,esteio,1972
- •,,ARENA-1..,..2.729.....,0,esteio,1972
•,,ARENA-3..,1.840......,0,esteio,1972
VP -,ARY ANTONIO DORNELLES LEITE,ARENA-3..,1.840......,0,esteio,1972
.,LUCEVAL QUEIROZ,ARENA-2,1.567,0,esteio,1972
,Gabriel Aloisio Mallmann,M.D.B....,9.585....,0,estrela,1972
VP -,Aloysio Valentin Schwertner,M.D.B....,9.585....,0,estrela,1972
P _,Rogério Nonnenmacher,ARENA201,3.599,0,estrela,1972
VP,Seno Dreyer,ARENA201,3.599,0,estrela,1972
P,Gustavo Adolpho H.G.Simon,ARENA-2,2.035,0,estrela,1972
VP,Elton Klepker •,ARENA-2,2.035,0,estrela,1972
P,Adão Henrique Fett,ARENA-3,519.....,0,estrela,1972
VP,Milton Dario Stapenhorst,ARENA-3,519.....,0,estrela,1972
P,CLOVIS TARTAROTTI -,ARENA,4.568,0,farroupilha,1972
VP,Enio Beltrami,ARENA,4.568,0,farroupilha,1972
P,ARNO DOMINGOS BUSETTI,MDB,4.037,0,farroupilha,1972
,1,MDB,4.037,0,farroupilha,1972
P,OLIVO PREVEDELLO,ARENA,3.017,0,faxinal-do-soturno,1972
VP,ALFREDO ROBERTO BORTOLOTTO,ARENA,3.017,0,faxinal-do-soturno,1972
,ALFREDO SPIER .,ARENA,4.180,0,feliz,1972
VP -,-,ARENA,4.180,0,feliz,1972
P -,.. PAVIANI .,ARENA....,..,0,flores-da-cunha,1972
VP -,LOURENCO DARCY CASTELLAN .,ARENA....,..,0,flores-da-cunha,1972
P,OLIVIO TAFFAREL .,ARENA,1.463,0,fontoura-xavier,1972
VP 1,OGênio Pereira de Souza,ARENA,1.463,0,fontoura-xavier,1972
P.,Lenoiz Batista Pires,ARENA.,1.552......,0,formigueiro,1972
-,Antonio Augusto Lorentz,ARENA.,1.552......,0,formigueiro,1972
P - .,. Lindo Angelo Cerutti,M.D.B.1,2.957....,0,frederico-westphalen,1972
VP,Osvaldo Cerezer,M.D.B.1,2.957....,0,frederico-westphalen,1972
P,,ARENAII.,2.671..,0,frederico-westphalen,1972
VP -,,ARENAII.,2.671..,0,frederico-westphalen,1972
P - .,. Osvaldo Edmundo Schwerz,ARENAI,1.010,0,frederico-westphalen,1972
,Waldomiro Vanelli,ARENAI,1.010,0,frederico-westphalen,1972
,.,M.D.B.III,996....,0,frederico-westphalen,1972
,Nolci Antonio Sebben ...,M.D.B.III,996....,0,frederico-westphalen,1972
VP .,Alcides Severino Milani,M.D.BII,613.....,0,frederico-westphalen,1972
-,Jaime . José Locatelli ...,M.D.BII,613.....,0,frederico-westphalen,1972
VP,Osvaldo Cerezer,ARENA,567...,0,frederico-westphalen,1972
,Querino Candaten,ARENA,567...,0,frederico-westphalen,1972
,GIRONDI,ARENA-2,2.363......,0,garibaldi,1972
VP -,Luiz Furlanetto,ARENA-2,2.363......,0,garibaldi,1972
- P .,ALVIDES ALIATTI,ARENA-1,2.130,0,garibaldi,1972
VP -,Acquelino Antonio Meneghetti,ARENA-1,2.130,0,garibaldi,1972
- e,DÉL IO ORLANDO KNACK,MDB-1,2.475,0,garibaldi,1972
VP,Leonillo Bertin,MDB-1,2.475,0,garibaldi,1972
P,BELMIRO AGOSTINI,MDB-2,1.060,0,garibaldi,1972
VP,Leonillo Bertin,MDB-2,1.060,0,garibaldi,1972
P,BALDU INO PUERARI,MDB-3,..7.43.......,0,garibaldi,1972
VP,Leonillo Bertin,MDB-3,..7.43.......,0,garibaldi,1972
- VP,- • ARNO . MAGARINOS .,ARENA.1.,.2.349...,0,gaurama,1972
,Jose . Ferdinando . Omizzollo,ARENA.1.,.2.349...,0,gaurama,1972
P -nd,-nd •,ARENA2,1.190,0,gaurama,1972
VP,. Valdomiro . Ziger . · GUILHERME . FRANCESCON ......,ARENA2,1.190,0,gaurama,1972
P,RUBE . ANTONIO . MARCOLIN,MDB,809......,0,gaurama,1972
VP -,- Dionisio Biezek .,MDB,809......,0,gaurama,1972
P. -,José de Souza,MDB-1,1.138......,0,general-camara,1972
VP,Pereira . Netto ....,MDB-1,1.138......,0,general-camara,1972
P -,. Pereira . Batista .....,MDB-2,537.....,0,general-camara,1972
VP,Taillier ..,MDB-2,537.....,0,general-camara,1972
P,. Loreto Moreira,.MDB...3....,131.,0,general-camara,1972
VP -,Romanato ……… ..,.MDB...3....,131.,0,general-camara,1972
- P,. Amaro . Pires . Pereira,1.ARENA-1....,953......,0,general-camara,1972
VP -,. Damasceno Viana ....,1.ARENA-1....,953......,0,general-camara,1972
P -,Camerino Marques da Rochas,ARENA-3...,637........,0,general-camara,1972
VP -,. Alves..da . Costa,ARENA-3...,637........,0,general-camara,1972
P-,José..de .. Tarso do Prado .....,..ARENA-2..,131........,0,general-camara,1972
P -,Ignácio Dall'Agnol,sub-legendaARENA,5.133....,0,getulio-vargas,1972
VP,Arlindo Guido Petry,sub-legendaARENA,5.133....,0,getulio-vargas,1972
VPG,Domingos Omizzollo Lerner,sub-legenda,2.971,0,getulio-vargas,1972
P -,DARCI LEOPOLDO UHRY,ARENA1,3.172.,0,girua,1972
VP,ELSO PILAU,ARENA1,3.172.,0,girua,1972
P -,MIGUEL FRANCISCO,ARENA2,3.088,0,girua,1972
VP,RINALDO ADOLFO SAUTER,ARENA2,3.088,0,girua,1972
P -,Waldemar . Frederico Weber,ARENA1,1.706,0,gramado,1972
VP -,Jayme Schaumloffel ...,ARENA1,1.706,0,gramado,1972
- P,,ARENA2,1.106,0,gramado,1972
VP,,ARENA2,1.106,0,gramado,1972
P -,Nelson Edi Oaigen .,M.D.B.,2.541,0,gramado,1972
,Osmar Accorsi,M.D.B.,2.541,0,gramado,1972
P -,Candido Luz de,MDB-1...,9.207....,0,gravatai,1972
VP,Francisco Corrêa .,MDB-1...,9.207....,0,gravatai,1972
P _,Spares Fonseca,ARENA-1..,4.637,0,gravatai,1972
VP 1,Linck,ARENA-1..,4.637,0,gravatai,1972
- P,Antoalci Gomes,ARENA-2,3.645,0,gravatai,1972
VP -,Américo de Souza Paiva,ARENA-2,3.645,0,gravatai,1972
P _,Fonseca Ferreira,MDB-2,652,0,gravatai,1972
VP,Francisco Martins,MDB-2,652,0,gravatai,1972
P -,. Bernardino Tubbs ..,MDB-3,357......,0,gravatai,1972
- VP,Velascos dos Santos,MDB-3,357......,0,gravatai,1972
P,RUY COELHO GONÇALVES,ARENA....e,7.539,0,guaiba,1972
VP -,DARCY DE ARAUJO RODRIGUES,ARENA....e,7.539,0,guaiba,1972
P,SOLON TAVARES .,M.D.B....,5.045,0,guaiba,1972
VP -,PAULO ROBERTO ZIULKOSKI,M.D.B....,5.045,0,guaiba,1972
P -,NELSON LUIZ BARRO -,ARENA,7.156....,0,guapore,1972
VP,DOMINGOS GREGIANIN . -,ARENA,7.156....,0,guapore,1972
•,•,Sublegenda,1.244,0,guarani-das-missoes,1972
-,,Sublegenda,1.244,0,guarani-das-missoes,1972
-,,M.D.B.,,0,guarani-das-missoes,1972
- • . P — . .,• . . . Clemente Soltis,M.D.B.,,0,guarani-das-missoes,1972
VP,,Legenda1,540,0,guarani-das-missoes,1972
P,,Legenda1,540,0,guarani-das-missoes,1972
VP,,M.D.B.,,0,guarani-das-missoes,1972
P,,M.D.B.,,0,guarani-das-missoes,1972
VP,,Sublegenda,327,0,guarani-das-missoes,1972
P,,Sublegenda,327,0,guarani-das-missoes,1972
VP -,,M.D.B.,,0,guarani-das-missoes,1972
-,,M.D.B.,,0,guarani-das-missoes,1972
-,,Sublegenda,1.017,0,guarani-das-missoes,1972
P - .,. . . Waldemar Menchik .... Romualdo J.,Sublegenda,1.017,0,guarani-das-missoes,1972
,Alfredo Oscar Hein,ARENA,,0,guarani-das-missoes,1972
,Romualdo J.,ARENA,,0,guarani-das-missoes,1972
,Clemente V. Binkowski .,Legenda1.,833...,0,guarani-das-missoes,1972
,Romualdo J.,Legenda1.,833...,0,guarani-das-missoes,1972
,,,,1,herval,1972
,,,,1,horizontina,1972
P,.. Eugen . Rodholfo Kreher ..,MDB2,1.560,0,humaita,1972
VP -,Otavio Inacio Cortes,MDB2,1.560,0,humaita,1972
P,•,MDB1,347J,0,humaita,1972
VP -,,MDB1,347J,0,humaita,1972
- •,,ARENA2...,1.165,0,humaita,1972
P - .,. Sigfried Waldemar Ruppel,ARENA2...,1.165,0,humaita,1972
,João Aloisio Lorscheider,..ARENA1,561...!,0,humaita,1972
,Ivo Schmidt .,..ARENA1,561...!,0,humaita,1972
- P,Ricardo Durigon,SUBLEGENDA,OBTIDA,0,ibiaca,1972
- • VP,• Glodovir . Piana .,SUBLEGENDA,OBTIDA,0,ibiaca,1972
P -,Marcelino Cogo de Camargo,MDB3,528,0,ibiaca,1972
- VP,Antenor Leal Machado,MDB3,528,0,ibiaca,1972
P -,Bernardo da Silveira,MDB1,479,0,ibiaca,1972
VP,.,MDB1,479,0,ibiaca,1972
P,• Iracy Germiniani,MDB2,344,0,ibiaca,1972
,Alberto Carra,MDB2,344,0,ibiaca,1972
VP 1 .,Pedro Brambatti,ARENA1,943,0,ibiaca,1972
- •,,ARENA1,943,0,ibiaca,1972
P,Antonio Brambatti,ARENA2,297,0,ibiaca,1972
VP -,Aurélio Peruzzo,ARENA2,297,0,ibiaca,1972
,ITACIR MEZZON,ARENA-1,388,0,ibiraiaras,1972
-,,ARENA-1,388,0,ibiraiaras,1972
-,ZUIMIR ZATTI NOME,ARENA-2,1.001,0,ibiraiaras,1972
,CLOVIS ADÃO PIZZAMIGLIO,ARENA-2,1.001,0,ibiraiaras,1972
,"E , digo ITACIR MEZZON",MDB-1,307,0,ibiraiaras,1972
,ARMINDO ATILIO RAYMUNDI,MDB-1,307,0,ibiraiaras,1972
1 P-,RICIERI CANEVESE,MDB-2,176,0,ibiraiaras,1972
VP,,MDB-2,176,0,ibiraiaras,1972
P,,MDB-3,647,0,ibiraiaras,1972
VP,,MDB-3,647,0,ibiraiaras,1972
- P,CELSO MAIA TAGLIARI,ARENA1.,3.922,0,ibiruba,1972
VP -,EDGAR OTTO FIECK,ARENA1.,3.922,0,ibiruba,1972
P. -,ARY FREDRICH,MDB1-,1.819.,0,ibiruba,1972
VP -,WALDEMIRO CIPRANDI,MDB1-,1.819.,0,ibiruba,1972
P - .,ENIO ALBINO BIRKHAN,MDB2,1.295,0,ibiruba,1972
VP,WAIDEMIRO CIPRANDI,MDB2,1.295,0,ibiruba,1972
P,SELSON FLESCH,ARENA-1,1.611,0,igrejinha,1972
VP,Pedro Ivan Sparrenberger,ARENA-1,1.611,0,igrejinha,1972
P,ETIDIO ODÓSIO PERONDI,ARENA-1...,6.799-.....,0,ijui,1972
VP 1,VIDSON . MAXIMINO . MANICA .,ARENA-1...,6.799-.....,0,ijui,1972
P -,WALTER MÜLLER,ARENA-2...,.-4.992-,0,ijui,1972
VP,CLAUDE NAHOR WONDRACER,ARENA-2...,.-4.992-,0,ijui,1972
Р,ITELVINO JOÃO SEVERGNINI,.MDB-1......,-3.081-,0,ijui,1972
VP -,JOÃO ANTÔNIO FILIPPIN,.MDB-1......,-3.081-,0,ijui,1972
-,,1MDR-3....,-2.183.....,0,ijui,1972
-,ALCIDES LUCION,1MDR-3....,-2.183.....,0,ijui,1972
P -,,.MDB-2.....,-1.242-,0,ijui,1972
- VP,GILBERTO PASQUALI,.MDB-2.....,-1.242-,0,ijui,1972
-,DÉCIO JOÃO BOZZETTO,ARENA...,.968.......,0,ilopolis,1972
- VP,VALMIR MONTAGNER,ARENA...,.968.......,0,ilopolis,1972
Р,João Saffi,ARENA,1;344....,0,independencia,1972
1 VP,Osmar Fermino Domeneghi,ARENA,1;344....,0,independencia,1972
P,Nelcidio . Wilson Martens,MDB-1,7.69,0,independencia,1972
VP,Leonardo Torzeczki,MDB-1,7.69,0,independencia,1972
P -,Mansueto Vitale Cadore,MDB-2,427......,0,independencia,1972
VP,Linkoln Losekann,MDB-2,427......,0,independencia,1972
,,,,1,irai,1972
,,,,1,itaqui,1972
P,ALFREDO COMINETTI,MDB1,696,0,itatiba-do-sul,1972
VP,AUGUSTO DETONI,MDB1,696,0,itatiba-do-sul,1972
P,ORESTE SIMONETTI,MDB2,2.32...,0,itatiba-do-sul,1972
VP • -,JOÃO TOPOLSKI,MDB2,2.32...,0,itatiba-do-sul,1972
P - .,ANTONILO ANGELO TOZZO,ARENA1,471,0,itatiba-do-sul,1972
- VP,OTILE PAVAN,ARENA1,471,0,itatiba-do-sul,1972
P - G,EDUARDO PAULO RIGOTTI,ARENA2,206,0,itatiba-do-sul,1972
VP -,JULIO ARMANDO MAFFINI,ARENA2,206,0,itatiba-do-sul,1972
P - •,DORVALINO FER ANDIN,ARENA3,51,0,itatiba-do-sul,1972
VP,OTILE . PAVAN ..,ARENA3,51,0,itatiba-do-sul,1972
P,NELDO HOLLER,ARENATARENA,2.561....,0,ivoti,1972
VP,WALTER EGON MUNDSTOCK,ARENATARENA,2.561....,0,ivoti,1972
,NOME,(legenda,1.564.....,0,jacutinga,1972
P,Ernesto Vitorio Menin,(legenda,1.564.....,0,jacutinga,1972
,,,,1,jaguarao,1972
P,DAVI MACHADO,ARENA-1...,1.458,0,jaguari,1972
VP -,ALMIR . FIORIN .,ARENA-1...,1.458,0,jaguari,1972
"P. """,VILSON JULIO . BORSA ...,ARENA-2....,1.372.,0,jaguari,1972
VP -,ALMIR FIORIN,ARENA-2....,1.372.,0,jaguari,1972
,SCOLARI,MDB.,2.149,0,jaguari,1972
- . VP,MÁRIO SPOLAOR . TAMBARA,MDB.,2.149,0,jaguari,1972
P.,PAULO ROSA WATHRICH,ARENA,4.843....,0,julio-de-castilhos,1972
- VP,SERGIO PAULO ROSA GUIMARÃES,ARENA,4.843....,0,julio-de-castilhos,1972
P,MILTON JOSÉ STELLA,ARENA1.,2.304,0,lagoa-vermelha,1972
VP -,JOSÉ CARLOS PRESTES M.,ARENA1.,2.304,0,lagoa-vermelha,1972
-,ARABY AUGUSTO NÁCUL,ARENA-2,1.835,0,lagoa-vermelha,1972
-,RAUL •,ARENA-2,1.835,0,lagoa-vermelha,1972
• VP,,ARENA-3...,1.762,0,lagoa-vermelha,1972
P,•,ARENA-3...,1.762,0,lagoa-vermelha,1972
VP -,.,M.D.B.-3,1.497,0,lagoa-vermelha,1972
•,,M.D.B.-3,1.497,0,lagoa-vermelha,1972
.,JOKO HORACIO B. DA COSTA,M.D.B.-2,1.024,0,lagoa-vermelha,1972
P,,M.D.B.-2,1.024,0,lagoa-vermelha,1972
VP -,ANGELO THEOPHILO T. SANSON,M.D.B.-1.,730,0,lagoa-vermelha,1972
P -,ROMULO AUGUSTO MOOJEN FEIJÓ,M.D.B.-1.,730,0,lagoa-vermelha,1972
P pond,ALIPIO HUFFNER,-LegendaI,11.508,0,lajeado,1972
VP -,ARLINDO GOETTENS,-LegendaI,11.508,0,lajeado,1972
P,DALTON DE BEM STUMPF ...,-LegendaII,5.462,0,lajeado,1972
VP,THEO ZIMMERMANN,-LegendaII,5.462,0,lajeado,1972
P.,Adao Teixeira Silveira ..,Arena,1.113,0,lavras-do-sul,1972
VP -,Sady .. Mazzini ..,Arena,1.113,0,lavras-do-sul,1972
P.,,...M..D.B....,.939..,0,lavras-do-sul,1972
VP ...,Alexandre Silveira ... Gilberto José de Souza ..,...M..D.B....,.939..,0,lavras-do-sul,1972
P,Italo . Bayard . La Rocca,Arena,941,0,lavras-do-sul,1972
VP,• Nilson . Marques . Budo .,Arena,941,0,lavras-do-sul,1972
P,OSVALDO TIRONI .,ARENA1,646,0,liberato-salzano,1972
VP -,BOLESLAU KRYZANSKI,ARENA1,646,0,liberato-salzano,1972
P.,CASEMIRO POZZEBON,ARENA2,300,0,liberato-salzano,1972
VP,BOLESLAU KRYZANSKI,ARENA2,300,0,liberato-salzano,1972
P,ADYR ANGELO FREDDO .,MDB3...,686,0,liberato-salzano,1972
VP,LUIZ JOSE RIBOLI,MDB3...,686,0,liberato-salzano,1972
P,EDUARDO GOMES .,MDB1,163,0,liberato-salzano,1972
VP,LUIZ JOSE RIBOLI,MDB1,163,0,liberato-salzano,1972
P,AVELINO GALLI .,MDB2,80,0,liberato-salzano,1972
VP,LUIZ JOSE RIBOLI,MDB2,80,0,liberato-salzano,1972
,NOME,ARENA1,1652,0,machadinho,1972
P -,Breno de Almeida Vieira,ARENA1,1652,0,machadinho,1972
"""",Archimino Rabesquini,ARENA2,701,0,machadinho,1972
VP,,ARENA2,701,0,machadinho,1972
.,-,.ARENA-1,4.674.,0,marau,1972
,-,.ARENA-1,4.674.,0,marau,1972
-,-,ARENA-2,4.183.,0,marau,1972
,-,ARENA-2,4.183.,0,marau,1972
11,,ARENA,1198,0,marcelino-ramos,1972
P,,ARENA,1198,0,marcelino-ramos,1972
VP,,MDB,592,0,marcelino-ramos,1972
"P "" -",. NOMET,MDB,592,0,marcelino-ramos,1972
,ANTONIO FLORIANI ZORDAN,[,,0,marcelino-ramos,1972
,Dr. Piero Laghi,[,,0,marcelino-ramos,1972
-,NICANOR RODRIGUES DE,MDB,384.,0,marcelino-ramos,1972
- .,Dr. Camilo Osmar Klein,MDB,384.,0,marcelino-ramos,1972
VPH,,MDB,220,0,marcelino-ramos,1972
P,VERILDO VALMORBIDA,MDB,220,0,marcelino-ramos,1972
P,NESTHOR FUZINATTO,ARENA2,390,0,mariano-moro,1972
VP,ARDUINO PEDRO PARISE .,ARENA2,390,0,mariano-moro,1972
P,ILARIO VENDRUSCOLO,ARENA1,295,0,mariano-moro,1972
VP,FREDERICO RAPHAEL,ARENA1,295,0,mariano-moro,1972
P,ARUDE GRITTI .,MDB1,288,0,mariano-moro,1972
VP -4 -,ICANOR ZANDONAI,MDB1,288,0,mariano-moro,1972
-,,MDB2,117,0,mariano-moro,1972
-,ELVINO JOÃO VENDRAME,MDB2,117,0,mariano-moro,1972
P -,,M.D.B..3....,..197..........,0,mariano-moro,1972
VP -,NILDO MOCELIN,M.D.B..3....,..197..........,0,mariano-moro,1972
P -,Angelo Andre Paraboni,ARENA,1.671,0,mata,1972
VP,Gentil Dambrós .,ARENA,1.671,0,mata,1972
P- -,Avelino Benil,MDB2,808,0,maximiliano-de-almeida,1972
-,João Batista Sganzerla,MDB2,808,0,maximiliano-de-almeida,1972
P. -,Silvio Provin,MDB1,331,0,maximiliano-de-almeida,1972
,João Batista Sganzerla,MDB1,331,0,maximiliano-de-almeida,1972
1,Valdir Palmas,ARENA1,641,0,maximiliano-de-almeida,1972
- P,Vilco Sartori,ARENA1,641,0,maximiliano-de-almeida,1972
"""",Nicolau Carlotto,ARENA2,398....,0,maximiliano-de-almeida,1972
P,,ARENA2,398....,0,maximiliano-de-almeida,1972
P -,ALCIDES SZULCZEWSKI,MDB-2,711,0,miraguai,1972
VP,ALFREDO MENEZES,MDB-2,711,0,miraguai,1972
P,ARTUR AQUILES CANTERLE,MDB-1,517..,0,miraguai,1972
VP,JOÃO BARBOSA DIAS ……… .,MDB-1,517..,0,miraguai,1972
P,HILARIO . H. SAMUELSSON,ARENA-1.,380་་་་་,0,miraguai,1972
VP,JOÃO MANOEL DE FREITAS,ARENA-1.,380་་་་་,0,miraguai,1972
P,GEOPOLDO PELLIM …………………,ARENA-3,236......,0,miraguai,1972
VP - 1,Astor Breunig,ARENA-3,236......,0,miraguai,1972
•,•,ARENA-2.,219.....,0,miraguai,1972
P .,. GERMANO ELSE PIT …… ..,ARENA-2.,219.....,0,miraguai,1972
-,ROBERTO . ATAYDE CARDONA,A.REN.A.,11.678,0,montenegro,1972
VP,JOSE EDUINOWEBER,A.REN.A.,11.678,0,montenegro,1972
P,ARMIN ADOLFO HELDT,M.D.B.,5.145,0,montenegro,1972
VP,ALMIRO IGNACIO MOMBACH,M.D.B.,5.145,0,montenegro,1972
VP -,- NOME,ARENA,2046-,0,mostardas,1972
,Luiz Chaves Martins,ARENA,2046-,0,mostardas,1972
,Silmar Lemos Machado,MDB,-,0,mostardas,1972
P,Luiz Mesquita Pereira,MDB,-,0,mostardas,1972
- P,IZALINO ZILIO,ARENA,2.254.,0,mucum,1972
VP .,ALCIDES DACHERY,ARENA,2.254.,0,mucum,1972
- P,José Reck,ARENA,3.857,0,nonoai,1972
VP,Olmiro Loures Sperry,ARENA,3.857,0,nonoai,1972
P-,B. TODESCHINI,MDB,615,0,nova-araca,1972
VP,L. ZUCHETTI,MDB,615,0,nova-araca,1972
P.,ENIO LUIZ BOSCATTO,..MDB-1...,615.,0,nova-bassano,1972
VP -,OCLIDES ANTONIO MORESCO,..MDB-1...,615.,0,nova-bassano,1972
P -,ARLINDO JOSÉ GABARDO,MDB-2,501.,0,nova-bassano,1972
VP,VALERIO TEDESCO,MDB-2,501.,0,nova-bassano,1972
- Р,WALDEMAR ILDEBRANDO ZOTTIS,MDB-3,.496....,0,nova-bassano,1972
VP -,AUGUSTO ZORTEA,MDB-3,.496....,0,nova-bassano,1972
,TRANQUILO . ZANETTI .,ARENA-1.,.795......,0,nova-bassano,1972
VP -,EDMUNDO GUADAGNIN,ARENA-1.,.795......,0,nova-bassano,1972
- P - •,GERMANO LOVISON,ARENA-2,124......,0,nova-bassano,1972
P,,ARENA-2,124......,0,nova-bassano,1972
VP,JOÃO AUGUSTO ZORTÉA,ARENA-3,105......,0,nova-bassano,1972
Р,ANGELO INVERNICI,ARENA-3,105......,0,nova-bassano,1972
P,AMADIO MOCELLIN,MDB1,383,0,nova-brescia,1972
VP,ANTONIO DALPIAN NETTO,MDB1,383,0,nova-brescia,1972
,ALCIDES CAUMO,MDB2,990,0,nova-brescia,1972
,JOÃO BAIOCO,MDB2,990,0,nova-brescia,1972
- P,JAIR CAUMO,ARENA,1.657,0,nova-brescia,1972
VP,,ARENA,1.657,0,nova-brescia,1972
,GROTTO,ARENA,641,0,nova-palma,1972
VP,ORLANDO PIOVESAN,ARENA,641,0,nova-palma,1972
,... OLINTO . DALCIN .,.ARENA,590,0,nova-palma,1972
VP,CASEMIRO JOSÉ OSMARI,.ARENA,590,0,nova-palma,1972
,· VENINO MARIO CRAUSS .,..MDB,310.,0,nova-palma,1972
VP -,ANTONIO D ... SCAPIN . -,..MDB,310.,0,nova-palma,1972
,$ BRUNO . PIPPI .,MDB,540,0,nova-palma,1972
VP -,- • NOVEMBRINO LAGO .,MDB,540,0,nova-palma,1972
,JOÃO L.S. SANTI .,MDB,254,0,nova-palma,1972
VP -,- •,MDB,254,0,nova-palma,1972
P -,Andreas Grings .,ARENA,3.772....,0,nova-petropolis,1972
VP -,Seger Seger …………… ..,ARENA,3.772....,0,nova-petropolis,1972
P -,Aloysio . Neumann,M.D.B...,2.113..,0,nova-petropolis,1972
VP,. Zang .,M.D.B...,2.113..,0,nova-petropolis,1972
P. -,NAGIB STELLA ELIAS,ARENA1,3.516,0,nova-prata,1972
VP,AGENOR ARISTIDES FABRIS,ARENA1,3.516,0,nova-prata,1972
- • P,• WILSON . MACUCO .,ARENA2,918,0,nova-prata,1972
VP- -,,ARENA2,918,0,nova-prata,1972
P-,,MDB-1,2.503,0,nova-prata,1972
VP,,MDB-1,2.503,0,nova-prata,1972
P = .,. LUIZ ANTONIO MINOZZO,MDB-2,974...,0,nova-prata,1972
,DORVALINO TULIO ZAMIN,MDB-2,974...,0,nova-prata,1972
,ADELINO JOSÉ DE NARDI,MDB-3,591,0,nova-prata,1972
,IRACI ANTONIOLLI,MDB-3,591,0,nova-prata,1972
P-,MIGUEL HENRIQUE SCHIMTZ,ARENA,7.747..,0,novo-hamburgo,1972
VP-,IVO MAXIMILIANO STRIMITZER,ARENA,7.747..,0,novo-hamburgo,1972
P -,URBANO ARNECKE,ARENA,6.300,0,novo-hamburgo,1972
,-,ARENA,6.300,0,novo-hamburgo,1972
LVP_,DAGOBERTO GERALDO SNEL,ARENA,1.344,0,novo-hamburgo,1972
,ELIO OSVINO LAUFER,ARENA,1.344,0,novo-hamburgo,1972
-,ANTONIO PAULINO CAVASOTTO,MDB.,10.180,0,novo-hamburgo,1972
VP,,MDB.,10.180,0,novo-hamburgo,1972
1,AMERICO COPETTI,..MDB.,2.003...,0,novo-hamburgo,1972
2,1,..MDB.,2.003...,0,novo-hamburgo,1972
VP-,ERNANI JUCHEM,MDB,2.002,0,novo-hamburgo,1972
ÉTC P,GUILHERME HELUMTH GRENS,MDB,2.002,0,novo-hamburgo,1972
,,,,1,osorio,1972
,NOME,SUBLEGENDA,OBTIDA,0,paim-filho,1972
P -,JOÃO ATTILIO MOTIN,SUBLEGENDA,OBTIDA,0,paim-filho,1972
VP -,IDÍLIO CARLOTTO,ARENA1,859........,0,paim-filho,1972
- P,DORVALINO PALOSCHI,ARENA1,859........,0,paim-filho,1972
VP,IDÍLIO CARLOTTO,ARENA2,585,0,paim-filho,1972
P - .,ARMANDO PEDOTTI .,ARENA2,585,0,paim-filho,1972
VP,FIORINDO RAFAGNIN,MDB1,687,0,paim-filho,1972
P,- ANTONIO DAL MOLIN,MDB1,687,0,paim-filho,1972
VP,- ALBINO CARLOTTO,MDB2,513,0,paim-filho,1972
-,Pompilio Gomes Sobrinho,,6.732,0,palmeira-das-missoes,1972
,-,,6.732,0,palmeira-das-missoes,1972
,Cicero do Amaral Viana,Arena,6.584,0,palmeira-das-missoes,1972
- Р,Wilmar Winck de Souza,Arena,6.584,0,palmeira-das-missoes,1972
- P,- Vercedino . Albarello .,ARENA,1.008,0,palmitinho,1972
VP -,- Gelsumino Candaten,ARENA,1.008,0,palmitinho,1972
P -,_ Gentile Zanatta -,M.D.B.,900,0,palmitinho,1972
-,- Leonides Piaia,M.D.B.,900,0,palmitinho,1972
P. -,- . Máximo . Albarello,,that,0,palmitinho,1972
VP -,- Gelsumino Candaten,,that,0,palmitinho,1972
,João . Izidoro Balestrin ..,ARENAII,5.07,0,palmitinho,1972
,Ari José Witech .,ARENAII,5.07,0,palmitinho,1972
P -,° Eurico . Piaia .. -,M.D.B.,468,0,palmitinho,1972
VP -,- Gelsumino . Candaten Gelsumino.Candaten .,M.D.B.,468,0,palmitinho,1972
top -,José Francisco Kern -,ARENA,428...,0,palmitinho,1972
P -,ORLANDO IDILIO . SCHNEIDER .,ARENA1,983,0,panambi,1972
- VP,FERNANDO GERHARDT DOSE,ARENA1,983,0,panambi,1972
- P–,ODILO ZIMMERMANN . -,MDB2,2.836,0,panambi,1972
- VP,,MDB2,2.836,0,panambi,1972
Р,,MDB1,.439......,0,panambi,1972
VP,ELOI DIETER WENDLAND . REMIGIO ASSIS FACCIONI,MDB1,.439......,0,panambi,1972
1 P,1 JOÃO PEGORARO SOBRINHO,ARENA-1,755......,0,parai,1972
VP _,_ ANTONIO OTAVIO DALL'AGNOLL,ARENA-1,755......,0,parai,1972
,GIACOMO ALBINO BOMBARDELLI,MDB-1,.401.,0,parai,1972
VP,VITÓRIO ZORTEA,MDB-1,.401.,0,parai,1972
- P,JOÃO MORES -,MDB-2,34.3.,0,parai,1972
VP,ARLINDO DALL'AGNOLL,MDB-2,34.3.,0,parai,1972
P-,EDU VILLA DE AZAMBUJA,ARENA-2..,9.416,0,passo-fundo,1972
,.,ARENA-2..,9.416,0,passo-fundo,1972
VP -- .,Juarez Paulo Zilio,ARENA-1,5.788,0,passo-fundo,1972
- P .,IVO BIASUZ,ARENA-1,5.788,0,passo-fundo,1972
,.,MDB-1,11.842,0,passo-fundo,1972
VP,Darcy Fauth da Silva,MDB-1,11.842,0,passo-fundo,1972
P — .,. WOLMAR . ANTONIO SALTON,MDB-2,2.386,0,passo-fundo,1972
VP -,Sebastião Rocha,MDB-2,2.386,0,passo-fundo,1972
P.,JAYME PONS .,ARENA,3.152,0,pedro-osorio,1972
VP -,ARNALDO VELLAR,ARENA,3.152,0,pedro-osorio,1972
P.,GUARACY . ANTONIO . UMINSKI .,M.D.B...,1.556,0,pedro-osorio,1972
-- VP,CARLOS..J.OBERTH . ABOTT .. DE .,M.D.B...,1.556,0,pedro-osorio,1972
P.,ARMANDO . BARBOSA BRAGA,M.D.B.,872,0,pedro-osorio,1972
VP 1 •,ORLANDO ASTROGILDO WINK,M.D.B.,872,0,pedro-osorio,1972
P,ALCIDES FREDERICO LINASSI,ARENA3.,524.,0,pejucara,1972
VP,LAURO STELLA,ARENA3.,524.,0,pejucara,1972
-,JOKO GABRIEL FURIAN,ARENA2,105-,0,pejucara,1972
,CELSO LUIZ FERRETTI,ARENA2,105-,0,pejucara,1972
,MARCELINO MARASCHIN,ARENA1,942,0,pejucara,1972
-,JOSE QUAINI ✓,ARENA1,942,0,pejucara,1972
P,ANESIO MASTELIA .,MDB3.....,316,0,pejucara,1972
VP VP,DIIMO JACO BASSO 2,MDB3.....,316,0,pejucara,1972
P,,MDB2.,175L,0,pejucara,1972
VP,,MDB2.,175L,0,pejucara,1972
P,LUIZ LONDERO &,MDB1,168L,0,pejucara,1972
,•,MDB1,168L,0,pejucara,1972
P-,ARY RODRIGUES ALCANTARA,MDB,33.394,0,pelotas,1972
VP,FUAD SELAIMEN,MDB,33.394,0,pelotas,1972
P,Justino Leon Garcia,ARENA,2898,0,pinheiro-machado,1972
VP -,Alvaro Ratto de Souza ...,ARENA,2898,0,pinheiro-machado,1972
P — . .,. DORVALINO . LESSA ..,LEGENDA,3.688,0,piratini,1972
VP 1,ALAOR TAROUCO,LEGENDA,3.688,0,piratini,1972
P,Idilio Zamin,MDB-1,1.309,0,planalto,1972
VP,João Balen,MDB-1,1.309,0,planalto,1972
,•,MDB-2,1.017,0,planalto,1972
P,Argemiro Pereira da,MDB-2,1.017,0,planalto,1972
VP 1 •,João Balen,MDB-3,106,0,planalto,1972
1,,MDB-3,106,0,planalto,1972
P -,"Agostinho Dall "" Alba",ARENA-1,1.126,0,planalto,1972
VP -,João Balen,ARENA-1,1.126,0,planalto,1972
P,Arlindo Vanzin,ARENA-2,683.....,0,planalto,1972
VP -,Pedro Rudi Henz,ARENA-2,683.....,0,planalto,1972
P,Fernando Bortoluzzi,ARENA-3,610,0,planalto,1972
VP,Pedro Rudi Henz,ARENA-3,610,0,planalto,1972
P,LOTHAR KERN,ARENA-2.,1.349...,0,portao,1972
VP,Otto Leopoldo Scherer,ARENA-2.,1.349...,0,portao,1972
P -,NILO BRUNO MATTES ...,ARENA-1..,834,0,portao,1972
VP,Ody José Winck,ARENA-1..,834,0,portao,1972
P,ANTONIO BIEHLER •,ARENA-3,595,0,portao,1972
VP,Hugo Antonio da Silva,ARENA-3,595,0,portao,1972
P,X,✗,,0,porto-alegre,1972
VP,X,✗,,0,porto-alegre,1972
P,X,✗,✗,0,porto-alegre,1972
VP,✗,✗,✗,0,porto-alegre,1972
P,X,✗,X,0,porto-alegre,1972
VP,✗,✗,X,0,porto-alegre,1972
P,✗,☑,✗,0,porto-alegre,1972
VP,X,☑,✗,0,porto-alegre,1972
P,X,✗,X,0,porto-alegre,1972
VP,✗,✗,X,0,porto-alegre,1972
P,Χ,☑,✗,0,porto-alegre,1972
VP -,✗,☑,✗,0,porto-alegre,1972
,,,,1,porto-lucena,1972
,,,,1,porto-xavier,1972
P.,JOÃO ARLINDO GRAFFITTI,ARENA1,365......,0,putinga,1972
VP 2nd,JOÃO BATISTA BERNARDON,ARENA1,365......,0,putinga,1972
P.,HONORINO DAMETTO,ARENA2,573,0,putinga,1972
VP,LEOPOLDO RABATOLLI,ARENA2,573,0,putinga,1972
P,MARIO VILLANOVA SEIXAS,MDB.,1.415.,0,putinga,1972
VP,LÉO BRANDINI,MDB.,1.415.,0,putinga,1972
,,,,1,quarai,1972
P-,ENELIO COSSETIN,.MDB-1...,.715....,0,redentora,1972
VP -,José Luiz Gonzatto,.MDB-1...,.715....,0,redentora,1972
P-,OMERINDO FREITAS COSTA,ARENA-2,647.....,0,redentora,1972
,Alceu da Silva Borges,ARENA-2,647.....,0,redentora,1972
- VP,FELIPE SOUZA DA SILVA,ARENA-1,491,0,redentora,1972
P,Tranquilo Rossoni,ARENA-1,491,0,redentora,1972
P-,ARLINDO ASSMANN,,2.233,0,restinga-seca,1972
VP,TARCISIO BOLZAN,,2.233,0,restinga-seca,1972
,.,ARENA,2.023,0,restinga-seca,1972
P,ANTONIO BELLAMIR FONTANA,ARENA,2.023,0,restinga-seca,1972
,,,,1,rio-grande,1972
P —,NELSON .N.RODEN BUSCH,M.D.B.1...,7.211...,0,rio-pardo,1972
VP -,LEO SCULTZE,M.D.B.1...,7.211...,0,rio-pardo,1972
,. MEURER ..,M.D.B.2,2.869,0,rio-pardo,1972
VP,Herny P.B.Marcolla .,M.D.B.2,2.869,0,rio-pardo,1972
,CINTRA .,ARENA-1,3.796....,0,rio-pardo,1972
- VP,Erico . Mario . Raabe .,ARENA-1,3.796....,0,rio-pardo,1972
,. MORAES .,ARENA..2..,2.256,0,rio-pardo,1972
VP,Erico Mario Raabe,ARENA..2..,2.256,0,rio-pardo,1972
P- •,HERMES POZZA,MDB1...,2.356,0,roca-sales,1972
VP,BENEDITO ELIAS CANEPPELE,MDB1...,2.356,0,roca-sales,1972
P,IRINEO AGOSTINI,MDB2,207,0,roca-sales,1972
-,,MDB2,207,0,roca-sales,1972
- · VP,ERN I ROHSIG,ARENA.1....,1.357......,0,roca-sales,1972
P,,ARENA.1....,1.357......,0,roca-sales,1972
VP -,HILDOR RICARDO BERGER,ARENA2,804,0,roca-sales,1972
-,JOVINO ANTONIO DEMARI LIDIO PEDRO HERMANN,ARENA2,804,0,roca-sales,1972
P-,Antonio Rodolfo Dariz,M.D.B.1,1.164,0,rodeio-bonito,1972
VP,Avelino José de Pelegrin,M.D.B.1,1.164,0,rodeio-bonito,1972
P,Gervasio Lavratti,M.D.B.2,256,0,rodeio-bonito,1972
VP,Avelino José de Pelegrin,M.D.B.2,256,0,rodeio-bonito,1972
· P -,· Miguel Jordão Milani,M.D.B.3,222,0,rodeio-bonito,1972
VP,Avelino José de Pelegrin,M.D.B.3,222,0,rodeio-bonito,1972
P,Severino Pasqualli,Arena,1.030,0,rodeio-bonito,1972
VP,Gomercindo Acatroli,Arena,1.030,0,rodeio-bonito,1972
P,Rosalino A.Marangon ... .,Arena,357,0,rodeio-bonito,1972
VP -,Gomercindo Acatroli,Arena,357,0,rodeio-bonito,1972
--,,Arena,213,0,rodeio-bonito,1972
-,,Arena,213,0,rodeio-bonito,1972
P,HUGO THEODORO TIMMEN,ARENA-,2.660,0,rolante,1972
VP,- Ernesto Paulo Schierholt,ARENA-,2.660,0,rolante,1972
,VICTORIO ALTAIR CARARA,ARENA-,1.281,0,rolante,1972
.,Arno Arlindo Laux,ARENA-,1.281,0,rolante,1972
P -,JOÃO MANOEL RIBEIRO .,MDB2,1.540,0,ronda-alta,1972
VP,Hilario Guzatti .,MDB2,1.540,0,ronda-alta,1972
P -,JAIRO ANTONIO CASALLI .,MDB1,888,0,ronda-alta,1972
VP,Vitorio Ferdinando Grando,MDB1,888,0,ronda-alta,1972
P,OCLIDES BARBIERO,ARENA2,1.525,0,ronda-alta,1972
,•,ARENA2,1.525,0,ronda-alta,1972
VP pant •,Martinho Dall'Oglio .,ARENA1,873,0,ronda-alta,1972
P -,NORMANDO BALDISSARELLI .,ARENA1,873,0,ronda-alta,1972
,LADISLAU KRYZANSKI,ARENA,1.296,0,rondinha,1972
,JOÃO LUCIETTO,ARENA,1.296,0,rondinha,1972
,,,,1,roque-gonzales,1972
P -,Mario O. de Vasconcellos .,ARENA1,3.964....,0,rosario-do-sul,1972
VP,Augusto . Brasil de Carvalho,ARENA1,3.964....,0,rosario-do-sul,1972
P,Alson Pereira da Silva,ARENA2.,.4.47.3.,0,rosario-do-sul,1972
VP -,Pedro Paulo Gonçalves,ARENA2.,.4.47.3.,0,rosario-do-sul,1972
-,,.M.D.B.....,.4.608.,0,rosario-do-sul,1972
P,Thedy Guimarães .,.M.D.B.....,.4.608.,0,rosario-do-sul,1972
Р -,- MELCHIOR LERMEN,M.D.B.,3.168,0,salvador-do-sul,1972
-,- RODOLPHO HENRIQUE MULLER,M.D.B.,3.168,0,salvador-do-sul,1972
VP,. NOME,ARENA,2.773,0,sananduva,1972
,Osvaldo Pedro Camozzato,ARENA,2.773,0,sananduva,1972
P -,JOSÉ ANTONIO DUMONCEL ...,ARENA1,1.670,0,santa-barbara-do-sul,1972
VP -,EDMUNDO RUHRIG,ARENA1,1.670,0,santa-barbara-do-sul,1972
P,LAURO PRESTES FILHO,ARENA2...,516,0,santa-barbara-do-sul,1972
VP -,ERVINO GOERGEN,ARENA2...,516,0,santa-barbara-do-sul,1972
- a P –,a EULINO SAMUEL DA ROSA ....,MDB1,1.310,0,santa-barbara-do-sul,1972
"VP """,IRINEO TONON,MDB1,1.310,0,santa-barbara-do-sul,1972
,GRUENDLING ..,MDB-1……………,7.696,0,santa-cruz-do-sul,1972
VP,RUBEN GUILHERME KA EMPF,MDB-1……………,7.696,0,santa-cruz-do-sul,1972
P,JÚLIO DE OLIVEIRA VIANNA,MDB-2,7.037,0,santa-cruz-do-sul,1972
VP -,KARL BUDINER,MDB-2,7.037,0,santa-cruz-do-sul,1972
-,,ARENA,14.039,0,santa-cruz-do-sul,1972
P -,JURGEN KLEMM,ARENA,14.039,0,santa-cruz-do-sul,1972
P -,- ARTHUR MARQUES PFEIFFER,ARENA-1,30.016,0,santa-maria,1972
VP -,JOSE HAYDAR FARRET,ARENA-1,30.016,0,santa-maria,1972
P,RAPHAEL THEODORICO DA SILVA,ARENA-2,2.996,0,santa-maria,1972
14,,ARENA-2,2.996,0,santa-maria,1972
1 VP,,.MDB-1,12.066,0,santa-maria,1972
P,,.MDB-1,12.066,0,santa-maria,1972
VP,,MDB-2,7.32,0,santa-maria,1972
P,ALEXANDRE DA CRUZ CARLOS EDSON FERNANDES,MDB-2,7.32,0,santa-maria,1972
,. LUIZ GIOVELLI,ARENA,7.466,0,santa-rosa,1972
VP,WILSON PEDRO SEGER -,ARENA,7.466,0,santa-rosa,1972
.,- GENÉSIO . GRISOTTI,MDB,5.490,0,santa-rosa,1972
,ORDÉCIO JACÓ WEBER,MDB,5.490,0,santa-rosa,1972
,,,,1,santa-vitoria-do-palmar,1972
P -,Joaquim Silveira Pereira,MDB2,841.,0,santana-da-boa-vista,1972
VP -,Jonatas Rodrigues de,MDB2,841.,0,santana-da-boa-vista,1972
P,Irani Rodrigues de Freitas,ARENA,914,0,santana-da-boa-vista,1972
VP -,Adão Rodrigues de Melo,ARENA,914,0,santana-da-boa-vista,1972
-,Alberto Rodrigues,MDB1,303,0,santana-da-boa-vista,1972
Р padd,Sinval Pereira de,MDB1,303,0,santana-da-boa-vista,1972
P,,SUBLEGENDA,OBTIDA,0,santana-do-livramento,1972
VP,OBSERVAÇÕES : Não houve,SUBLEGENDA,OBTIDA,0,santana-do-livramento,1972
P -,Seg urança,paraPrefeito,serZonade,0,santana-do-livramento,1972
VP,,paraPrefeito,serZonade,0,santana-do-livramento,1972
P,Manoel João Brum Cardinal,ARENAII,8.060,0,santiago,1972
VP,Venâncio Gonçalves Terra,ARENAII,8.060,0,santiago,1972
P,Valdir Amaral Pinto,ARENAI,.6.300..,0,santiago,1972
VP,Miguel Oliveira Azambuja,ARENAI,.6.300..,0,santiago,1972
P,SIEGFRIED RITTER,ARENA..,17.187.....,0,santo-angelo,1972
VP_,JOSÉ ALCEBIADES DE OLIVEIRA,ARENA..,17.187.....,0,santo-angelo,1972
P,OSCAR VARGAS DA SILVA,ARENA,1.517.,0,santo-antonio-da-patrulha,1972
VP,ONILDO RAFAELI DE SOUZA,ARENA,1.517.,0,santo-antonio-da-patrulha,1972
P,PEDRO JOSE MOACIR RANGEL,ARENA,2.448.,0,santo-antonio-da-patrulha,1972
VP,BALDUINO BATISTA DE SOUZA,ARENA,2.448.,0,santo-antonio-da-patrulha,1972
,0,ARENA,3.199,0,santo-antonio-da-patrulha,1972
P,GELSO MARCELO BIER,ARENA,3.199,0,santo-antonio-da-patrulha,1972
,-,MDB,4.319.,0,santo-antonio-da-patrulha,1972
VP,DENATOR LAUREANO DA CUNHA,MDB,4.319.,0,santo-antonio-da-patrulha,1972
,-,MDB,2.639.,0,santo-antonio-da-patrulha,1972
P,A FERULIO TEDESCO NETTO,MDB,2.639.,0,santo-antonio-da-patrulha,1972
P -,ANTONIO V DO,ARENA.,.968,0,santo-antonio-das-missoes,1972
VP,JOSE ALCION MOURA,ARENA.,.968,0,santo-antonio-das-missoes,1972
P,ZIGMUNDO JOSE RUZYCKI,ARENA,898,0,santo-antonio-das-missoes,1972
VP -,FRANCISCO JACQUES,ARENA,898,0,santo-antonio-das-missoes,1972
-,,ARENA,1.117,0,santo-antonio-das-missoes,1972
P -,REGINALDO RODRIGUES,ARENA,1.117,0,santo-antonio-das-missoes,1972
P -,José Vicente Silva,.M.D.B..=.3,.1.903.....,0,santo-augusto,1972
VP,Carlos Alberto Castagna,.M.D.B..=.3,.1.903.....,0,santo-augusto,1972
P -,Carlos Antonio I. Depiere,MDB1-,262,0,santo-augusto,1972
VP -,Carlos Alberto Castagna,MDB1-,262,0,santo-augusto,1972
P.,Clodomiro . Bonnes .,MDB2-,145,0,santo-augusto,1972
VP,Carlos Alberto Castagna,MDB2-,145,0,santo-augusto,1972
P,Alecrides S. de Moraes,ARENA.....,2.271....,0,santo-augusto,1972
VP,Sinibaldo Natal Polo,ARENA.....,2.271....,0,santo-augusto,1972
P.,Léo Jacob Hartmann,ARENA,3.980....,0,santo-cristo,1972
VP,Eugênio Thomas Gerhard,ARENA,3.980....,0,santo-cristo,1972
,,,,1,sao-borja,1972
Р -,Dr. Vasco Aguiar,ARENA,2.313,0,sao-francisco-de-assis,1972
-,Walter Silva Ferreira,ARENA,2.313,0,sao-francisco-de-assis,1972
-,Julio Nemitz,ARENA,532,0,sao-francisco-de-assis,1972
punt,Walter Silva Ferreira,ARENA,532,0,sao-francisco-de-assis,1972
,Dr. Miguel,ARENA,2.087,0,sao-francisco-de-assis,1972
,Walter Silva Ferreira,ARENA,2.087,0,sao-francisco-de-assis,1972
- VP,Wilson Azambuja,MDB,4.902,0,sao-francisco-de-assis,1972
P,,MDB,4.902,0,sao-francisco-de-assis,1972
P -,LUIZ ANTÔNIO SALVADOR ..,ARENA-UM,2.797v...,0,sao-francisco-de-paula,1972
VP -,ERON PINTO DOS SANTOS ……………,ARENA-UM,2.797v...,0,sao-francisco-de-paula,1972
- P ~,- ~ .WALDOR . PAULO ALBRECHT ....,ARENADOIS,1.962.v...,0,sao-francisco-de-paula,1972
VP --,-- .OSVALDO.DE SOUZA PINTO,ARENADOIS,1.962.v...,0,sao-francisco-de-paula,1972
VP,,M.D.B.,4.183.v.-,0,sao-francisco-de-paula,1972
P,-,M.D.B.,4.183.v.-,0,sao-francisco-de-paula,1972
P,Erasmo José Dias Chiappetta,в2,293,0,sao-gabriel,1972
VP,Ramiro da Silva Meneghello,в2,293,0,sao-gabriel,1972
P,Bento Gonçalves Rocha,1,765,0,sao-gabriel,1972
VP,Nauro Teixeira Codevilla ..,1,765,0,sao-gabriel,1972
P,Baltazar Balbo Teixeira,-2,4.525,0,sao-gabriel,1972
VP,Inocencio da Cunha,-2,4.525,0,sao-gabriel,1972
P,Carlos Goncalves da Cunha,ARENA-1,3.851,0,sao-gabriel,1972
VP,Inocencio da Cunha Goncalv,ARENA-1,3.851,0,sao-gabriel,1972
P,ATHANÁS IO .,ARENA.1.,2.940......,0,sao-jeronimo,1972
VP,ALDO MOREIRA DOS SANTOS,ARENA.1.,2.940......,0,sao-jeronimo,1972
,. JOSÉ . RAMOS .,ARENA-2,1.473,0,sao-jeronimo,1972
VP -,ARISTIDES DA PAIXÃO . BOETRA,ARENA-2,1.473,0,sao-jeronimo,1972
P,NILO MIRANDA,ARENA..3..,662.,0,sao-jeronimo,1972
VP -,ARY BOSQUEROLLI,ARENA..3..,662.,0,sao-jeronimo,1972
P -,PEDRO STEBEN DORNELLES,MDB,3.462,0,sao-jeronimo,1972
VP,OLMINDO DALBEM,MDB,3.462,0,sao-jeronimo,1972
P -,PEDRO ZOGBI,ARENA,1.037,0,sao-jose-do-norte,1972
VP,LEMOS BRAVO,ARENA,1.037,0,sao-jose-do-norte,1972
P -,JARBAS PAIXÃO ILHA MARTINS,*།་,11037',0,sao-jose-do-norte,1972
VP,COSTA RIBEIRO,*།་,11037',0,sao-jose-do-norte,1972
P,HEITOR PINHEIRO,ARENA,973,0,sao-jose-do-norte,1972
VP -,LICELMA LIMA PONTES,ARENA,973,0,sao-jose-do-norte,1972
-,DARIO FUTURO,ARENA,720,0,sao-jose-do-norte,1972
- P,JOSÉ LUIZ CAPAVERDE SARAI VA,ARENA,720,0,sao-jose-do-norte,1972
VP-,FRANCISCO PAROBE,MDB,1.747,0,sao-jose-do-norte,1972
P 1,,MDB,1.747,0,sao-jose-do-norte,1972
VP -,JOSE LUIZ CAPAVERDE SARIAVA,MDB,959,0,sao-jose-do-norte,1972
P -,JOSÉ LUIZ STEIN,MDB_,1.584,0,sao-jose-do-ouro,1972
VP,Eoclides Colombelli,MDB_,1.584,0,sao-jose-do-ouro,1972
P,LAURINDO MENDES DE ARAÚJO,ARENA,1.549,0,sao-jose-do-ouro,1972
VP,1. Pedro Tolardo .,ARENA,1.549,0,sao-jose-do-ouro,1972
_ P -,_,ARENA,1.017,0,sao-jose-do-ouro,1972
VP ☐ -,☐ Daniel Finco,ARENA,1.017,0,sao-jose-do-ouro,1972
P – .,. . NELSON BERGAMO GOMERCINDO CANEVESE,M.D.B.....,.427...,0,sao-jose-do-ouro,1972
VP -,.. Orlando Bachi ..,M.D.B.....,.427...,0,sao-jose-do-ouro,1972
P.,,ARENA...,.373....,0,sao-jose-do-ouro,1972
VP = .,. 1 . SEVERINO FELIZZARI,ARENA...,.373....,0,sao-jose-do-ouro,1972
,Vitalino Vanz .,M..D..B.....,277....,0,sao-jose-do-ouro,1972
P.,CERSI . ANDREANI,M..D..B.....,277....,0,sao-jose-do-ouro,1972
P-,Henrique da Costa Prieto,Arena......,4.894.....,0,sao-leopoldo,1972
VP,Honorio Antonio da Silva .,Arena......,4.894.....,0,sao-leopoldo,1972
P,Glodomiro Martins .,Arena,4.452,0,sao-leopoldo,1972
VP,Germano Mohelecke .,Arena,4.452,0,sao-leopoldo,1972
P,Siegbert Saft,Arena,3.402,0,sao-leopoldo,1972
VP -,Guerino Rosa,Arena,3.402,0,sao-leopoldo,1972
- P,Ma noel Luiz . Nunes ..,MDB,9.835,0,sao-leopoldo,1972
-d VP,Carlos Justo,MDB,9.835,0,sao-leopoldo,1972
P -,Arminio João von,MDB,1.327,0,sao-leopoldo,1972
VP pred,Firmino Alfeu Kehl,MDB,1.327,0,sao-leopoldo,1972
,João Henrique Thofehrn,ARENA,9.686,0,sao-lourenco-do-sul,1972
VP,Nedilande Vargas Corrêa . 1,ARENA,9.686,0,sao-lourenco-do-sul,1972
P,ALSEU DA SILVA BRAGA,ARENA.,6.158,0,sao-luiz-gonzaga,1972
VP,AMERICO PULCINELLI,ARENA.,6.158,0,sao-luiz-gonzaga,1972
P -,MANOEL RAMOS DE,ARENA,1.972...,0,sao-marcos,1972
VP,,ARENA,1.972...,0,sao-marcos,1972
P-,Selvino Detes,MDB.1....,.6.86......,0,sao-martinho,1972
VP,Silvino Attuati,MDB.1....,.6.86......,0,sao-martinho,1972
P,"Holdemar Irber . "" -",MDB2,5.80,0,sao-martinho,1972
,-,MDB2,5.80,0,sao-martinho,1972
VP,-,ARENA1,295,0,sao-martinho,1972
P,1 Jacob Lino Werlang,ARENA1,295,0,sao-martinho,1972
,Otto Waechter,ARENA2,937,0,sao-martinho,1972
VP -,Julio Carlos Hammes,ARENA2,937,0,sao-martinho,1972
,,,,1,sao-nicolau,1972
P -,Danilo Alberto Rhoden,Legenda,1794.,0,sao-paulo-das-missoes,1972
VP,Mario Raimundo Ferst,Legenda,1794.,0,sao-paulo-das-missoes,1972
P,ARNO WINTER,ARENA-1-,4.381,0,sao-pedro-do-sul,1972
• P.,•,ARENA-1-,4.381,0,sao-pedro-do-sul,1972
VP -,,ARENA2,2.322,0,sao-pedro-do-sul,1972
P-,,ARENA2,2.322,0,sao-pedro-do-sul,1972
VP -,Arthur Polonz José Moacyr Silveira Ramos,ARENA3,"1,470",0,sao-pedro-do-sul,1972
,Ervino Bilibio Pozzobon,ARENA3,"1,470",0,sao-pedro-do-sul,1972
- P.,BRUNO CASSEL ...,ARENA-3,4.497,0,sao-sebastiao-do-cai,1972
VP -,João da Silva Reis,ARENA-3,4.497,0,sao-sebastiao-do-cai,1972
- P,JOSÉ ERNESTO MENTZ,ARENA-2,1.040,0,sao-sebastiao-do-cai,1972
VP -,José Carlos Goulart,ARENA-2,1.040,0,sao-sebastiao-do-cai,1972
,OSCAR CARRARD,ARENA-1,975,0,sao-sebastiao-do-cai,1972
VP,Pedro Fridolino Schmidt,ARENA-1,975,0,sao-sebastiao-do-cai,1972
P - P,ROQUE SCHMITZ,M.D.B.-2,2.442,0,sao-sebastiao-do-cai,1972
-,,M.D.B.-2,2.442,0,sao-sebastiao-do-cai,1972
-,Affonso Eugenio Wecker,M.D.B.-1,643,0,sao-sebastiao-do-cai,1972
. VP,JOIR TADEU DA SILVA,M.D.B.-1,643,0,sao-sebastiao-do-cai,1972
P -,.,M.D.B.-3,246,0,sao-sebastiao-do-cai,1972
-,Affonso Eugenio Wecker,M.D.B.-3,246,0,sao-sebastiao-do-cai,1972
Р -,Innocêncio Pires,ARENA1,3.876,0,sao-sepe,1972
VP -,Tibiricá Brum Fires,ARENA1,3.876,0,sao-sepe,1972
1 p_ .,. . Nélson.S . Brum Ellwanger,ARENA2,3.498,0,sao-sepe,1972
VP,Itajubá Pacheco,ARENA2,3.498,0,sao-sepe,1972
Р,ANTONIO CASAGRANDE,MDB1.,1.337,0,sao-valentim,1972
VP,PEDRO SIGNOR,MDB1.,1.337,0,sao-valentim,1972
P,PEDRO DASSOLER,..M.D.B.....3.,..650,0,sao-valentim,1972
VP -,ALCIDES DALLA ROSA,..M.D.B.....3.,..650,0,sao-valentim,1972
-,,.M.D.B..2....,3.91.....,0,sao-valentim,1972
-,,.M.D.B..2....,3.91.....,0,sao-valentim,1972
P 1,ELOI DOS SANTOS SOBRINHO,ARENA?..,.543.....,0,sao-valentim,1972
VP -,AGOSTINHO VALENTINI,ARENA?..,.543.....,0,sao-valentim,1972
P -,CLAUDINO FUZINATTO,ARENA3,449,0,sao-valentim,1972
VP -,TELVINO FIORINDO GALLINA,ARENA3,449,0,sao-valentim,1972
P,IDIVIR SCANDOLARA,ARENA1..,447,0,sao-valentim,1972
VP -,GABRIEL KEMPKA,ARENA1..,447,0,sao-valentim,1972
P -,FLAVIO XAVIER KREBS,sublegendaARENA,819,0,sao-vicente-do-sul,1972
VP,ALFREDO A. PEIXOTO DA ROSA,sublegendaARENA,819,0,sao-vicente-do-sul,1972
P -,JOAQUIM MACIEL DOS SANTOS,sublegenda.,470,0,sao-vicente-do-sul,1972
VP,JOÃO SILVEIRA FRAGOZO,sublegenda.,470,0,sao-vicente-do-sul,1972
P,LAURIANO GARCIA GONÇALES,ARENA,,0,sao-vicente-do-sul,1972
VP . -,JOSE LOY DE MENEZES,ARENA,,0,sao-vicente-do-sul,1972
P -,DARCY MORIM,sublegendaMDB,687,0,sao-vicente-do-sul,1972
VP,JOÃO RODRIGUES CONY,sublegendaMDB,687,0,sao-vicente-do-sul,1972
P,BRAULIO SOARES DOS SANTOS,sublegenda.,289,0,sao-vicente-do-sul,1972
VP . 1,JOÃO A. BIGHELINE,sublegenda.,289,0,sao-vicente-do-sul,1972
P,..,MDB,,0,sao-vicente-do-sul,1972
,NELSOM NADIER,ARENA,4.858,0,sapiranga,1972
,REMY JORGE ZIMMER,ARENA,4.858,0,sapiranga,1972
P -,JOÃO FREITAS FILHO,_MDB-1,4.516........,0,sapucaia-do-sul,1972
VP - •,GUILHERMINO PROENÇA,_MDB-1,4.516........,0,sapucaia-do-sul,1972
P -,GERALDO DA CRUZ PADILHA .,MDB-1...,3.114,0,sapucaia-do-sul,1972
VP_ •,JOEL MACHADO,MDB-1...,3.114,0,sapucaia-do-sul,1972
P.,PAULO . SERGIO . MOELLER,ARENA-1,6.182,0,sapucaia-do-sul,1972
VP,ARTUR MESQUITA DIAS,ARENA-1,6.182,0,sapucaia-do-sul,1972
P -,JOÃO CARLOS SCHEIBE,ARENA3,2.041,0,sarandi,1972
VP -,MARIO JOSE ZANDONA .,ARENA3,2.041,0,sarandi,1972
P -,EDVINO WERLANG .,ARENA2,670,0,sarandi,1972
VP,MARIO JOSE ZANDONA .,ARENA2,670,0,sarandi,1972
P -,JAIME PALLASTRELLI .,ARENA1,294,0,sarandi,1972
VP,MARIO JOSE ZANDONA .,ARENA1,294,0,sarandi,1972
P,NAUM GROSSI .,MDB1,1.411,0,sarandi,1972
VP,IVO SPRANDEL .,MDB1,1.411,0,sarandi,1972
P,ADELINO GELAIN .,MDB2,1.309,0,sarandi,1972
VP,IVO SPRANDEL .,MDB2,1.309,0,sarandi,1972
P -,Adilon Osório de Oliveira,SUBLEGENDA,OBTIDA,0,seberi,1972
VP -,Rui Figueiredo Pereira,SUBLEGENDA,OBTIDA,0,seberi,1972
P 1,José . Alves.de.Souza ..,ARENAI,2.330,0,seberi,1972
VP,Jorge Rocha .,ARENAI,2.330,0,seberi,1972
P -,ILVO ALOYSIO BARTH,ARENA.-2...,1.234,0,selbach,1972
,JACO . DAVID . HAMMES .,ARENA.-2...,1.234,0,selbach,1972
,BENKOTELY .,ARENA-1,554,0,selbach,1972
- VP,PEDRO ALFREDO WERLANG,ARENA-1,554,0,selbach,1972
P,1 IRCEU ANTÔNIO GASPARIN,,1.572,0,serafina-correa,1972
VP,,,1.572,0,serafina-correa,1972
Ρ,,MDB,1.441,0,serafina-correa,1972
VP,-,MDB,1.441,0,serafina-correa,1972
P,- _ LAURINDO CADORE,ARENA,370,0,serafina-correa,1972
,BRUNO JOSÉ MAROCCO,ARENA,370,0,serafina-correa,1972
,BRUNO FRANCISCO DALL'IGNA,MDB,312,0,serafina-correa,1972
,NELSON ASSONI,MDB,312,0,serafina-correa,1972
P -,Frederico Moyses Benvegnú,ofsub-legenda,1.520.,0,sertao,1972
-,Lirio Antonio Maschio,ofsub-legenda,1.520.,0,sertao,1972
P -,Ernesto Schwartz,ARENA,,0,sertao,1972
,Lindemar Franzon,ARENA,,0,sertao,1972
P -,- ATILIO NESPOLO .,819..,819,0,severiano-de-almeida,1972
VP,Severino Benincá,819..,819,0,severiano-de-almeida,1972
P -,OVIDIO ANTONIO - .,,2.015...,0,sobradinho,1972
VP,HERBERT WILKE,,2.015...,0,sobradinho,1972
P -,LADEMIRO DORS -,ARENA2,2.529.,0,sobradinho,1972
.,ATAUALPA DE FREITAS,ARENA2,2.529.,0,sobradinho,1972
VP,,MOB-1,296...,0,sobradinho,1972
P,-,MOB-1,296...,0,sobradinho,1972
,1 • GIACOMO OLIVIER,мов................,1.477,0,sobradinho,1972
,ANGELO SEVERINO MARIANI,мов................,1.477,0,sobradinho,1972
,IVO SILVEIRA DE MORAES,MDB.-3.,1.959...,0,sobradinho,1972
-,_ ANGELO SEVERINO MARIANI,MDB.-3.,1.959...,0,sobradinho,1972
- P,- TRAJANO PORTO CARDOSO,ARENA-1,3.766,0,soledade,1972
- VP,- Plinio José Disconzi,ARENA-1,3.766,0,soledade,1972
P,- JOÃO CHAVES CAMPELLO,ARENA-2,2.033,0,soledade,1972
.,,ARENA-2,2.033,0,soledade,1972
VP 1,1 Plinio José Disconzi,MDB-1,5.276,0,soledade,1972
1 P,1 RUI ORTIZ,MDB-1,5.276,0,soledade,1972
-,,MDB-2,1.069,0,soledade,1972
VP 1,1 José Hammann Pinheiro,MDB-2,1.069,0,soledade,1972
P,ALDINO GUERINO LANGARO,ARENA,4.119.-,0,tapejara,1972
VP,ARDULINO LANGARO,ARENA,4.119.-,0,tapejara,1972
P.,IZIDORO GREGORIO SIMON,ARENA1,1.346,0,tapera,1972
VP,HENRIQUE BRATZ,ARENA1,1.346,0,tapera,1972
Р,WALTER SCHERER,ARENA2,663,0,tapera,1972
VP -,HENRIQUE BRATZ,ARENA2,663,0,tapera,1972
-,,MDB1,1.410,0,tapera,1972
P,ROMEU CLAUDIO KLOECKNER,MDB1,1.410,0,tapera,1972
VP,JOÃO ROQUE SIMON,MDB2,470,0,tapera,1972
P,,MDB2,470,0,tapera,1972
P -,PIRES SANDER,ARENAI..,1558...,0,tapes,1972
VP -,BRUNO SCHRANCK,ARENAI..,1558...,0,tapes,1972
P -,PAULO ALFONSIN SIMCHEN,ARENAII,2.559..,0,tapes,1972
VP,AMAZONAS COUTINHO DE OLIVEIRA GROSS,ARENAII,2.559..,0,tapes,1972
Р -,,MDB,4.053,0,tapes,1972
VP,HERNANI SILVA PEREIRA,MDB,4.053,0,tapes,1972
P.,Alceu Martins da Rosa,ARENA-1,6.510,0,taquara,1972
VP - •,Anibaldo Renck,ARENA-1,6.510,0,taquara,1972
P.,•,MDB1,6.145,0,taquara,1972
,Ary Nestor Jaeger,MDB1,6.145,0,taquara,1972
P,LEO ALVIM FALLER,ARENA.,.4.343.....,0,taquari,1972
VP,NILDO FLORES DA SILVA,ARENA.,.4.343.....,0,taquari,1972
- P —,.CELSO..LUIZ MARTINS,MDB,.4.133..,0,taquari,1972
VP,NAMIR LUIZ JANTSCH,MDB,.4.133..,0,taquari,1972
,,,,1,tenente-portela,1972
P,WEBBER RODRIGUES,ARENA,6.718,0,torres,1972
VP,Wellausen Porto,ARENA,6.718,0,torres,1972
P,JUSTO BORGES,MDB-1,2.715,0,torres,1972
VP,de Oliveira,MDB-1,2.715,0,torres,1972
P,MUNIZ DOS REIS,MDB-2,1.659,0,torres,1972
VP 1 -,Munari,MDB-2,1.659,0,torres,1972
1,,MDB-3...,674,0,torres,1972
-,CLARISMUNDO,MDB-3...,674,0,torres,1972
,,,,1,tramandai,1972
Р,LAURO MILTON VOLKART,ARENA_,1.463,0,tres-coroas,1972
,Guilherme Eckard,ARENA_,1.463,0,tres-coroas,1972
~ VP,- •,MDB,1.053,0,tres-coroas,1972
P,ARMANDO BRUSIUS,MDB,1.053,0,tres-coroas,1972
P -,Sawitzki,MDB,5.142,0,tres-de-maio,1972
VP,Franco se Azambuja,MDB,5.142,0,tres-de-maio,1972
P -,Antonio Matana Saciloto,ARENA,4.788,0,tres-de-maio,1972
VP -,Gonçalo Cereser,ARENA,4.788,0,tres-de-maio,1972
,,,,1,tres-passos,1972
P-,Bento Gonçalves dos,ARENA....1.,1.468,0,triunfo,1972
- VP,Enio Manoel Machry,ARENA....1.,1.468,0,triunfo,1972
P,Fontoura da Rocha,ARENA2..912,1.327.,0,triunfo,1972
VP,Wilson Dias Cunha ..,ARENA2..912,1.327.,0,triunfo,1972
P -,Pedro Levino do .,..MDB.,2.282...,0,triunfo,1972
VP,Milton Silveira Massena,..MDB.,2.282...,0,triunfo,1972
,,,,1,tucunduva,1972
P- -,Eduardo Ribeiro Bonumá,ARENA.....,5.534.....,0,tupancireta,1972
VP 1,Miguel Chiapetta,ARENA.....,5.534.....,0,tupancireta,1972
,,,,1,tuparendi,1972
,,,,1,uruguaiana,1972
P,☐ Marcos Palombini,MDB,10.797,0,vacaria,1972
VP -,Enore Angelo,MDB,10.797,0,vacaria,1972
- P,José Vital Bossler,ARENA,8.696,0,vacaria,1972
VP,Dilermando Jacobi,ARENA,8.696,0,vacaria,1972
P,José . Mylius .,SUBLEGENDA,,0,venancio-aires,1972
VP -,. Buchner .,SUBLEGENDA,,0,venancio-aires,1972
Op -,. Klein ....,ARENA-19,6.776......,0,venancio-aires,1972
VP -,. Farinhas .,ARENA-19,6.776......,0,venancio-aires,1972
- P,. Stein . Goulart,ARENA-2....,2.913...,0,venancio-aires,1972
D VP -,. Alberto Campos ..,ARENA-2....,2.913...,0,venancio-aires,1972
- op –,. Arno . Schultz ....,.MDB...1,3.138.....,0,venancio-aires,1972
VP,. Campos,.MDB...1,3.138.....,0,venancio-aires,1972
P-,GUIDO HOFF,ARENA,3.300,0,vera-cruz,1972
,IVÊNIO ROQUE MUELLER,ARENA,3.300,0,vera-cruz,1972
P,LIRIO SOARES,ARENA,3.879,0,veranopolis,1972
,-,ARENA,3.879,0,veranopolis,1972
VP -,ADELINO ORSO,Legenda1,1.371,0,veranopolis,1972
,.,Legenda1,1.371,0,veranopolis,1972
. -P =,= ISIDORO OLIMPIO GIARETTA,ARENA,,0,veranopolis,1972
,Gomercindo Carlos Roehe,ARENA,,0,veranopolis,1972
P.,LEONIR ANTONIO FARINA,LegendarlM.D.B,3.799,0,veranopolis,1972
,་ Edegar Ernesto Chiaradia,LegendarlM.D.B,3.799,0,veranopolis,1972
VP,,M.D.B.,625,0,veranopolis,1972
P,• VICTORINO ANGELO DAL,M.D.B.,625,0,veranopolis,1972
93VP,2 . Gentil Lunardi,M.D.B,602,0,veranopolis,1972
P,SEVERINO DE CARLI,M.D.B,602,0,veranopolis,1972
,NATAL TOCHETTO ..,ARENA2,801,0,viadutos,1972
VP -,- 1. Sergio . Fabris …… ..,ARENA2,801,0,viadutos,1972
,Isidoro .. Jose . Campgna .....,ARENA.1,.......738.,0,viadutos,1972
VP –,– . Jozelino . Jose Baldissera,ARENA.1,.......738.,0,viadutos,1972
P -,ATTILIO ECCO -,MDB1,1.164,0,viadutos,1972
VP -,- B,MDB1,1.164,0,viadutos,1972
,Roque . Stanislaski . Sergio . Aquiles ... Brancher,MDB.2,129.....,0,viadutos,1972
VP,Sergio Aquiles Brancher,MDB.2,129.....,0,viadutos,1972
osters,NOME,_ARENA1,12.115,0,viamao,1972
P,Marcionilo Pacheco de,_ARENA1,12.115,0,viamao,1972
VP - _,José Francisco Grassi,MDB1,1.8187,0,viamao,1972
- P _,Walter Osório Marques,MDB1,1.8187,0,viamao,1972
copi,Tapir Tabajara Canto da,MDB2,1.474,0,viamao,1972
P,- Evaldo Maia dos Santos,MDB2,1.474,0,viamao,1972
VP,Adair de Fraga Alves,MDB3.,432/,0,viamao,1972
27.00,Vivaldino Osório Prestes,MDB3.,432/,0,viamao,1972
,,,,1,vicente-dutra,1972
P,Lucia . Arildo . Loesch,Arena1..,1.192.,0,victor-graeff,1972
VP -,Oflides . Rodrigues Muller,Arena1..,1.192.,0,victor-graeff,1972
P -,Benno Balduino Kohlrausch,.M.D.BL...,5.69...,0,victor-graeff,1972
VP -,Rudy Gehlen,.M.D.BL...,5.69...,0,victor-graeff,1972
P -,Carlos.de Negri .,M.D.B.2...,.172.,0,victor-graeff,1972
VP,Rudy . Gehlen .,M.D.B.2...,.172.,0,victor-graeff,1972
